Vegetation Type;CO2;Cal_per_hr
Dune fynbos-thicket mos.;400;219
Dune fynbos-thicket mos.;300;167,2148922
Dune fynbos-thicket mos.;240;132,1155943
Dune fynbos-thicket mos.;180;93,99512162
Dune fynbos-thicket mos.;400;299
Dune fynbos-thicket mos.;300;228,2979578
Dune fynbos-thicket mos.;240;180,3769986
Dune fynbos-thicket mos.;180;128,3312391
Dune fynbos-thicket mos.;400;120
Dune fynbos-thicket mos.;300;91,62459844
Dune fynbos-thicket mos.;240;72,39210647
Dune fynbos-thicket mos.;180;51,50417623
Dune fynbos-thicket mos.;400;52
Dune fynbos-thicket mos.;300;39,70399266
Dune fynbos-thicket mos.;240;31,3699128
Dune fynbos-thicket mos.;180;22,31847637
Dune fynbos-thicket mos.;400;43
Dune fynbos-thicket mos.;300;32,83214777
Dune fynbos-thicket mos.;240;25,94050482
Dune fynbos-thicket mos.;180;18,45566315
Dune fynbos-thicket mos.;400;262
Dune fynbos-thicket mos.;300;200,0470399
Dune fynbos-thicket mos.;240;158,0560991
Dune fynbos-thicket mos.;180;112,4507848
Dune fynbos-thicket mos.;400;424
Dune fynbos-thicket mos.;300;323,7402478
Dune fynbos-thicket mos.;240;255,7854429
Dune fynbos-thicket mos.;180;181,9814227
Dune fynbos-thicket mos.;400;146
Dune fynbos-thicket mos.;300;111,4765948
Dune fynbos-thicket mos.;240;88,07706287
Dune fynbos-thicket mos.;180;62,66341441
Dune fynbos-thicket mos.;400;44
Dune fynbos-thicket mos.;300;33,59568609
Dune fynbos-thicket mos.;240;26,54377237
Dune fynbos-thicket mos.;180;18,88486462
Dune fynbos-thicket mos.;400;0
Dune fynbos-thicket mos.;300;0
Dune fynbos-thicket mos.;240;0
Dune fynbos-thicket mos.;180;0
Dune fynbos-thicket mos.;400;312
Dune fynbos-thicket mos.;300;238,2239559
Dune fynbos-thicket mos.;240;188,2194768
Dune fynbos-thicket mos.;180;133,9108582
Dune fynbos-thicket mos.;400;0
Dune fynbos-thicket mos.;300;0
Dune fynbos-thicket mos.;240;0
Dune fynbos-thicket mos.;180;0
Dune fynbos-thicket mos.;400;0
Dune fynbos-thicket mos.;300;0
Dune fynbos-thicket mos.;240;0
Dune fynbos-thicket mos.;180;0
Dune fynbos-thicket mos.;400;140
Dune fynbos-thicket mos.;300;106,8953648
Dune fynbos-thicket mos.;240;84,45745755
Dune fynbos-thicket mos.;180;60,0882056
Dune fynbos-thicket mos.;400;179
Dune fynbos-thicket mos.;300;136,6733593
Dune fynbos-thicket mos.;240;107,9848922
Dune fynbos-thicket mos.;180;76,82706287
Dune fynbos-thicket mos.;400;51
Dune fynbos-thicket mos.;300;38,94045434
Dune fynbos-thicket mos.;240;30,76664525
Dune fynbos-thicket mos.;180;21,8892749
Dune fynbos-thicket mos.;400;150
Dune fynbos-thicket mos.;300;114,530748
Dune fynbos-thicket mos.;240;90,49013309
Dune fynbos-thicket mos.;180;64,38022028
Dune fynbos-thicket mos.;400;77
Dune fynbos-thicket mos.;300;58,79245067
Dune fynbos-thicket mos.;240;46,45160165
Dune fynbos-thicket mos.;180;33,04851308
Dune fynbos-thicket mos.;400;50
Dune fynbos-thicket mos.;300;38,17691602
Dune fynbos-thicket mos.;240;30,1633777
Dune fynbos-thicket mos.;180;21,46007343
Dune fynbos-thicket mos.;400;0
Dune fynbos-thicket mos.;300;0
Dune fynbos-thicket mos.;240;0
Dune fynbos-thicket mos.;180;0
Dune fynbos-thicket mos.;400;53
Dune fynbos-thicket mos.;300;40,46753098
Dune fynbos-thicket mos.;240;31,97318036
Dune fynbos-thicket mos.;180;22,74767783
Dune fynbos-thicket mos.;400;77
Dune fynbos-thicket mos.;300;58,79245067
Dune fynbos-thicket mos.;240;46,45160165
Dune fynbos-thicket mos.;180;33,04851308
Dune fynbos-thicket mos.;400;13
Dune fynbos-thicket mos.;300;9,925998164
Dune fynbos-thicket mos.;240;7,842478201
Dune fynbos-thicket mos.;180;5,579619091
Dune fynbos-thicket mos.;400;11
Dune fynbos-thicket mos.;300;8,398921524
Dune fynbos-thicket mos.;240;6,635943093
Dune fynbos-thicket mos.;180;4,721216154
Dune fynbos-thicket mos.;400;0
Dune fynbos-thicket mos.;300;0
Dune fynbos-thicket mos.;240;0
Dune fynbos-thicket mos.;180;0
Dune fynbos-thicket mos.;400;121
Dune fynbos-thicket mos.;300;92,38813676
Dune fynbos-thicket mos.;240;72,99537402
Dune fynbos-thicket mos.;180;51,9333777
Dune fynbos-thicket mos.;400;301
Dune fynbos-thicket mos.;300;229,8250344
Dune fynbos-thicket mos.;240;181,5835337
Dune fynbos-thicket mos.;180;129,189642
Dune fynbos-thicket mos.;400;259
Dune fynbos-thicket mos.;300;197,756425
Dune fynbos-thicket mos.;240;156,2462965
Dune fynbos-thicket mos.;180;111,1631804
Dune fynbos-thicket mos.;400;19
Dune fynbos-thicket mos.;300;14,50722809
Dune fynbos-thicket mos.;240;11,46208352
Dune fynbos-thicket mos.;180;8,154827903
Dune fynbos-thicket mos.;400;0
Dune fynbos-thicket mos.;300;0
Dune fynbos-thicket mos.;240;0
Dune fynbos-thicket mos.;180;0
Dune fynbos-thicket mos.;400;0
Dune fynbos-thicket mos.;300;0
Dune fynbos-thicket mos.;240;0
Dune fynbos-thicket mos.;180;0
Dune fynbos-thicket mos.;400;0
Dune fynbos-thicket mos.;300;0
Dune fynbos-thicket mos.;240;0
Dune fynbos-thicket mos.;180;0
Dune fynbos-thicket mos.;400;61
Dune fynbos-thicket mos.;300;46,57583754
Dune fynbos-thicket mos.;240;36,79932079
Dune fynbos-thicket mos.;180;26,18128958
Dune fynbos-thicket mos.;400;9
Dune fynbos-thicket mos.;300;6,871844883
Dune fynbos-thicket mos.;240;5,429407985
Dune fynbos-thicket mos.;180;3,862813217
Dune fynbos-thicket mos.;400;195
Dune fynbos-thicket mos.;300;148,8899725
Dune fynbos-thicket mos.;240;117,637173
Dune fynbos-thicket mos.;180;83,69428637
Dune fynbos-thicket mos.;400;199
Dune fynbos-thicket mos.;300;151,9441257
Dune fynbos-thicket mos.;240;120,0502432
Dune fynbos-thicket mos.;180;85,41109224
Dune fynbos-thicket mos.;400;10
Dune fynbos-thicket mos.;300;7,635383203
Dune fynbos-thicket mos.;240;6,032675539
Dune fynbos-thicket mos.;180;4,292014686
Dune fynbos-thicket mos.;400;4
Dune fynbos-thicket mos.;300;3,054153281
Dune fynbos-thicket mos.;240;2,413070216
Dune fynbos-thicket mos.;180;1,716805874
Dune fynbos-thicket mos.;400;106
Dune fynbos-thicket mos.;300;80,93506196
Dune fynbos-thicket mos.;240;63,94636072
Dune fynbos-thicket mos.;180;45,49535567
Dune fynbos-thicket mos.;400;132
Dune fynbos-thicket mos.;300;100,7870583
Dune fynbos-thicket mos.;240;79,63131712
Dune fynbos-thicket mos.;180;56,65459385
Dune fynbos-thicket mos.;400;88
Dune fynbos-thicket mos.;300;67,19137219
Dune fynbos-thicket mos.;240;53,08754475
Dune fynbos-thicket mos.;180;37,76972923
Dune fynbos-thicket mos.;400;0
Dune fynbos-thicket mos.;300;0
Dune fynbos-thicket mos.;240;0
Dune fynbos-thicket mos.;180;0
Dune fynbos-thicket mos.;400;0
Dune fynbos-thicket mos.;300;0
Dune fynbos-thicket mos.;240;0
Dune fynbos-thicket mos.;180;0
Dune fynbos-thicket mos.;400;0
Dune fynbos-thicket mos.;300;0
Dune fynbos-thicket mos.;240;0
Dune fynbos-thicket mos.;180;0
Dune fynbos-thicket mos.;400;156
Dune fynbos-thicket mos.;300;119,111978
Dune fynbos-thicket mos.;240;94,10973841
Dune fynbos-thicket mos.;180;66,9554291
Dune fynbos-thicket mos.;400;0
Dune fynbos-thicket mos.;300;0
Dune fynbos-thicket mos.;240;0
Dune fynbos-thicket mos.;180;0
Dune fynbos-thicket mos.;400;90
Dune fynbos-thicket mos.;300;68,71844883
Dune fynbos-thicket mos.;240;54,29407985
Dune fynbos-thicket mos.;180;38,62813217
Dune fynbos-thicket mos.;400;29
Dune fynbos-thicket mos.;300;22,14261129
Dune fynbos-thicket mos.;240;17,49475906
Dune fynbos-thicket mos.;180;12,44684259
Dune fynbos-thicket mos.;400;93
Dune fynbos-thicket mos.;300;71,00906379
Dune fynbos-thicket mos.;240;56,10388251
Dune fynbos-thicket mos.;180;39,91573658
Dune fynbos-thicket mos.;400;2
Dune fynbos-thicket mos.;300;1,527076641
Dune fynbos-thicket mos.;240;1,206535108
Dune fynbos-thicket mos.;180;0,858402937
Dune fynbos-thicket mos.;400;41
Dune fynbos-thicket mos.;300;31,30507113
Dune fynbos-thicket mos.;240;24,73396971
Dune fynbos-thicket mos.;180;17,59726021
Dune fynbos-thicket mos.;400;34
Dune fynbos-thicket mos.;300;25,96030289
Dune fynbos-thicket mos.;240;20,51109683
Dune fynbos-thicket mos.;180;14,59284993
Dune fynbos-thicket mos.;400;80
Dune fynbos-thicket mos.;300;61,08306563
Dune fynbos-thicket mos.;240;48,26140431
Dune fynbos-thicket mos.;180;34,33611749
Dune fynbos-thicket mos.;400;9
Dune fynbos-thicket mos.;300;6,871844883
Dune fynbos-thicket mos.;240;5,429407985
Dune fynbos-thicket mos.;180;3,862813217
Dune fynbos-thicket mos.;400;16
Dune fynbos-thicket mos.;300;12,21661313
Dune fynbos-thicket mos.;240;9,652280863
Dune fynbos-thicket mos.;180;6,867223497
Dune fynbos-thicket mos.;400;37
Dune fynbos-thicket mos.;300;28,25091785
Dune fynbos-thicket mos.;240;22,3208995
Dune fynbos-thicket mos.;180;15,88045434
Dune fynbos-thicket mos.;400;160
Dune fynbos-thicket mos.;300;122,1661313
Dune fynbos-thicket mos.;240;96,52280863
Dune fynbos-thicket mos.;180;68,67223497
Dune fynbos-thicket mos.;400;0
Dune fynbos-thicket mos.;300;0
Dune fynbos-thicket mos.;240;0
Dune fynbos-thicket mos.;180;0
Dune fynbos-thicket mos.;400;34
Dune fynbos-thicket mos.;300;25,96030289
Dune fynbos-thicket mos.;240;20,51109683
Dune fynbos-thicket mos.;180;14,59284993
Dune fynbos-thicket mos.;400;401
Dune fynbos-thicket mos.;300;306,1788665
Dune fynbos-thicket mos.;240;241,9102891
Dune fynbos-thicket mos.;180;172,1097889
Dune fynbos-thicket mos.;400;24
Dune fynbos-thicket mos.;300;18,32491969
Dune fynbos-thicket mos.;240;14,47842129
Dune fynbos-thicket mos.;180;10,30083525
Dune fynbos-thicket mos.;400;42
Dune fynbos-thicket mos.;300;32,06860945
Dune fynbos-thicket mos.;240;25,33723726
Dune fynbos-thicket mos.;180;18,02646168
Dune fynbos-thicket mos.;400;0
Dune fynbos-thicket mos.;300;0
Dune fynbos-thicket mos.;240;0
Dune fynbos-thicket mos.;180;0
Dune fynbos-thicket mos.;400;38
Dune fynbos-thicket mos.;300;29,01445617
Dune fynbos-thicket mos.;240;22,92416705
Dune fynbos-thicket mos.;180;16,30965581
Dune fynbos-thicket mos.;400;271
Dune fynbos-thicket mos.;300;206,9188848
Dune fynbos-thicket mos.;240;163,4855071
Dune fynbos-thicket mos.;180;116,313598
Dune fynbos-thicket mos.;400;12
Dune fynbos-thicket mos.;300;9,162459844
Dune fynbos-thicket mos.;240;7,239210647
Dune fynbos-thicket mos.;180;5,150417623
Dune fynbos-thicket mos.;400;200
Dune fynbos-thicket mos.;300;152,7076641
Dune fynbos-thicket mos.;240;120,6535108
Dune fynbos-thicket mos.;180;85,84029371
Dune fynbos-thicket mos.;400;18
Dune fynbos-thicket mos.;300;13,74368977
Dune fynbos-thicket mos.;240;10,85881597
Dune fynbos-thicket mos.;180;7,725626434
Dune fynbos-thicket mos.;400;46
Dune fynbos-thicket mos.;300;35,12276274
Dune fynbos-thicket mos.;240;27,75030748
Dune fynbos-thicket mos.;180;19,74326755
Dune fynbos-thicket mos.;400;18
Dune fynbos-thicket mos.;300;13,74368977
Dune fynbos-thicket mos.;240;10,85881597
Dune fynbos-thicket mos.;180;7,725626434
Dune fynbos-thicket mos.;400;0
Dune fynbos-thicket mos.;300;0
Dune fynbos-thicket mos.;240;0
Dune fynbos-thicket mos.;180;0
Dune fynbos-thicket mos.;400;0
Dune fynbos-thicket mos.;300;0
Dune fynbos-thicket mos.;240;0
Dune fynbos-thicket mos.;180;0
Dune fynbos-thicket mos.;400;92
Dune fynbos-thicket mos.;300;70,24552547
Dune fynbos-thicket mos.;240;55,50061496
Dune fynbos-thicket mos.;180;39,48653511
Dune fynbos-thicket mos.;400;0
Dune fynbos-thicket mos.;300;0
Dune fynbos-thicket mos.;240;0
Dune fynbos-thicket mos.;180;0
Dune fynbos-thicket mos.;400;6
Dune fynbos-thicket mos.;300;4,581229922
Dune fynbos-thicket mos.;240;3,619605324
Dune fynbos-thicket mos.;180;2,575208811
Dune fynbos-thicket mos.;400;163
Dune fynbos-thicket mos.;300;124,4567462
Dune fynbos-thicket mos.;240;98,33261129
Dune fynbos-thicket mos.;180;69,95983938
Dune fynbos-thicket mos.;400;173
Dune fynbos-thicket mos.;300;132,0921294
Dune fynbos-thicket mos.;240;104,3652868
Dune fynbos-thicket mos.;180;74,25185406
Dune fynbos-thicket mos.;400;17
Dune fynbos-thicket mos.;300;12,98015145
Dune fynbos-thicket mos.;240;10,25554842
Dune fynbos-thicket mos.;180;7,296424966
Dune fynbos-thicket mos.;400;10
Dune fynbos-thicket mos.;300;7,635383203
Dune fynbos-thicket mos.;240;6,032675539
Dune fynbos-thicket mos.;180;4,292014686
Dune fynbos-thicket mos.;400;43
Dune fynbos-thicket mos.;300;32,83214777
Dune fynbos-thicket mos.;240;25,94050482
Dune fynbos-thicket mos.;180;18,45566315
Dune fynbos-thicket mos.;400;212
Dune fynbos-thicket mos.;300;161,8701239
Dune fynbos-thicket mos.;240;127,8927214
Dune fynbos-thicket mos.;180;90,99071134
Dune fynbos-thicket mos.;400;12
Dune fynbos-thicket mos.;300;9,162459844
Dune fynbos-thicket mos.;240;7,239210647
Dune fynbos-thicket mos.;180;5,150417623
Dune fynbos-thicket mos.;400;66
Dune fynbos-thicket mos.;300;50,39352914
Dune fynbos-thicket mos.;240;39,81565856
Dune fynbos-thicket mos.;180;28,32729693
Dune fynbos-thicket mos.;400;0
Dune fynbos-thicket mos.;300;0
Dune fynbos-thicket mos.;240;0
Dune fynbos-thicket mos.;180;0
Dune fynbos-thicket mos.;400;28
Dune fynbos-thicket mos.;300;21,37907297
Dune fynbos-thicket mos.;240;16,89149151
Dune fynbos-thicket mos.;180;12,01764112
Dune fynbos-thicket mos.;400;11
Dune fynbos-thicket mos.;300;8,398921524
Dune fynbos-thicket mos.;240;6,635943093
Dune fynbos-thicket mos.;180;4,721216154
Dune fynbos-thicket mos.;400;93
Dune fynbos-thicket mos.;300;71,00906379
Dune fynbos-thicket mos.;240;56,10388251
Dune fynbos-thicket mos.;180;39,91573658
Dune fynbos-thicket mos.;400;21
Dune fynbos-thicket mos.;300;16,03430473
Dune fynbos-thicket mos.;240;12,66861863
Dune fynbos-thicket mos.;180;9,01323084
Dune fynbos-thicket mos.;400;191
Dune fynbos-thicket mos.;300;145,8358192
Dune fynbos-thicket mos.;240;115,2241028
Dune fynbos-thicket mos.;180;81,9774805
Dune fynbos-thicket mos.;400;129
Dune fynbos-thicket mos.;300;98,49644332
Dune fynbos-thicket mos.;240;77,82151446
Dune fynbos-thicket mos.;180;55,36698944
Dune fynbos-thicket mos.;400;0
Dune fynbos-thicket mos.;300;0
Dune fynbos-thicket mos.;240;0
Dune fynbos-thicket mos.;180;0
Dune fynbos-thicket mos.;400;36
Dune fynbos-thicket mos.;300;27,48737953
Dune fynbos-thicket mos.;240;21,71763194
Dune fynbos-thicket mos.;180;15,45125287
Dune fynbos-thicket mos.;400;0
Dune fynbos-thicket mos.;300;0
Dune fynbos-thicket mos.;240;0
Dune fynbos-thicket mos.;180;0
Dune fynbos-thicket mos.;400;35
Dune fynbos-thicket mos.;300;26,72384121
Dune fynbos-thicket mos.;240;21,11436439
Dune fynbos-thicket mos.;180;15,0220514
Dune fynbos-thicket mos.;400;1220
Dune fynbos-thicket mos.;300;931,5167508
Dune fynbos-thicket mos.;240;735,9864158
Dune fynbos-thicket mos.;180;523,6257916
Dune fynbos-thicket mos.;400;55
Dune fynbos-thicket mos.;300;41,99460762
Dune fynbos-thicket mos.;240;33,17971547
Dune fynbos-thicket mos.;180;23,60608077
Dune fynbos-thicket mos.;400;140
Dune fynbos-thicket mos.;300;106,8953648
Dune fynbos-thicket mos.;240;84,45745755
Dune fynbos-thicket mos.;180;60,0882056
Dune fynbos-thicket mos.;400;53
Dune fynbos-thicket mos.;300;40,46753098
Dune fynbos-thicket mos.;240;31,97318036
Dune fynbos-thicket mos.;180;22,74767783
Dune fynbos-thicket mos.;400;79
Dune fynbos-thicket mos.;300;60,31952731
Dune fynbos-thicket mos.;240;47,65813676
Dune fynbos-thicket mos.;180;33,90691602
Dune fynbos-thicket mos.;400;388
Dune fynbos-thicket mos.;300;296,2528683
Dune fynbos-thicket mos.;240;234,0678109
Dune fynbos-thicket mos.;180;166,5301698
Dune fynbos-thicket mos.;400;118
Dune fynbos-thicket mos.;300;90,0975218
Dune fynbos-thicket mos.;240;71,18557136
Dune fynbos-thicket mos.;180;50,64577329
Dune fynbos-thicket mos.;400;53
Dune fynbos-thicket mos.;300;40,46753098
Dune fynbos-thicket mos.;240;31,97318036
Dune fynbos-thicket mos.;180;22,74767783
Dune fynbos-thicket mos.;400;9
Dune fynbos-thicket mos.;300;6,871844883
Dune fynbos-thicket mos.;240;5,429407985
Dune fynbos-thicket mos.;180;3,862813217
Dune fynbos-thicket mos.;400;94
Dune fynbos-thicket mos.;300;71,77260211
Dune fynbos-thicket mos.;240;56,70715007
Dune fynbos-thicket mos.;180;40,34493804
Dune fynbos-thicket mos.;400;0
Dune fynbos-thicket mos.;300;0
Dune fynbos-thicket mos.;240;0
Dune fynbos-thicket mos.;180;0
Dune fynbos-thicket mos.;400;7
Dune fynbos-thicket mos.;300;5,344768242
Dune fynbos-thicket mos.;240;4,222872877
Dune fynbos-thicket mos.;180;3,00441028
Dune fynbos-thicket mos.;400;63
Dune fynbos-thicket mos.;300;48,10291418
Dune fynbos-thicket mos.;240;38,0058559
Dune fynbos-thicket mos.;180;27,03969252
Dune fynbos-thicket mos.;400;30
Dune fynbos-thicket mos.;300;22,90614961
Dune fynbos-thicket mos.;240;18,09802662
Dune fynbos-thicket mos.;180;12,87604406
Dune fynbos-thicket mos.;400;3
Dune fynbos-thicket mos.;300;2,290614961
Dune fynbos-thicket mos.;240;1,809802662
Dune fynbos-thicket mos.;180;1,287604406
Dune fynbos-thicket mos.;400;17
Dune fynbos-thicket mos.;300;12,98015145
Dune fynbos-thicket mos.;240;10,25554842
Dune fynbos-thicket mos.;180;7,296424966
Dune fynbos-thicket mos.;400;68
Dune fynbos-thicket mos.;300;51,92060578
Dune fynbos-thicket mos.;240;41,02219367
Dune fynbos-thicket mos.;180;29,18569986
Dune fynbos-thicket mos.;400;114
Dune fynbos-thicket mos.;300;87,04336852
Dune fynbos-thicket mos.;240;68,77250115
Dune fynbos-thicket mos.;180;48,92896742
Dune fynbos-thicket mos.;400;188
Dune fynbos-thicket mos.;300;143,5452042
Dune fynbos-thicket mos.;240;113,4143001
Dune fynbos-thicket mos.;180;80,68987609
Dune fynbos-thicket mos.;400;223
Dune fynbos-thicket mos.;300;170,2690454
Dune fynbos-thicket mos.;240;134,5286645
Dune fynbos-thicket mos.;180;95,71192749
Dune fynbos-thicket mos.;400;111
Dune fynbos-thicket mos.;300;84,75275356
Dune fynbos-thicket mos.;240;66,96269849
Dune fynbos-thicket mos.;180;47,64136301
Dune fynbos-thicket mos.;400;22
Dune fynbos-thicket mos.;300;16,79784305
Dune fynbos-thicket mos.;240;13,27188619
Dune fynbos-thicket mos.;180;9,442432308
Dune fynbos-thicket mos.;400;11
Dune fynbos-thicket mos.;300;8,398921524
Dune fynbos-thicket mos.;240;6,635943093
Dune fynbos-thicket mos.;180;4,721216154
Dune fynbos-thicket mos.;400;47
Dune fynbos-thicket mos.;300;35,88630106
Dune fynbos-thicket mos.;240;28,35357503
Dune fynbos-thicket mos.;180;20,17246902
Dune fynbos-thicket mos.;400;38
Dune fynbos-thicket mos.;300;29,01445617
Dune fynbos-thicket mos.;240;22,92416705
Dune fynbos-thicket mos.;180;16,30965581
Dune fynbos-thicket mos.;400;46
Dune fynbos-thicket mos.;300;35,12276274
Dune fynbos-thicket mos.;240;27,75030748
Dune fynbos-thicket mos.;180;19,74326755
Dune fynbos-thicket mos.;400;17
Dune fynbos-thicket mos.;300;12,98015145
Dune fynbos-thicket mos.;240;10,25554842
Dune fynbos-thicket mos.;180;7,296424966
Dune fynbos-thicket mos.;400;40
Dune fynbos-thicket mos.;300;30,54153281
Dune fynbos-thicket mos.;240;24,13070216
Dune fynbos-thicket mos.;180;17,16805874
Dune fynbos-thicket mos.;400;282
Dune fynbos-thicket mos.;300;215,3178063
Dune fynbos-thicket mos.;240;170,1214502
Dune fynbos-thicket mos.;180;121,0348141
Dune fynbos-thicket mos.;400;103
Dune fynbos-thicket mos.;300;78,64444699
Dune fynbos-thicket mos.;240;62,13655805
Dune fynbos-thicket mos.;180;44,20775126
Dune fynbos-thicket mos.;400;117
Dune fynbos-thicket mos.;300;89,33398348
Dune fynbos-thicket mos.;240;70,58230381
Dune fynbos-thicket mos.;180;50,21657182
Dune fynbos-thicket mos.;400;580
Dune fynbos-thicket mos.;300;442,8522258
Dune fynbos-thicket mos.;240;349,8951813
Dune fynbos-thicket mos.;180;248,9368518
Dune fynbos-thicket mos.;400;18
Dune fynbos-thicket mos.;300;13,74368977
Dune fynbos-thicket mos.;240;10,85881597
Dune fynbos-thicket mos.;180;7,725626434
Dune fynbos-thicket mos.;400;29
Dune fynbos-thicket mos.;300;22,14261129
Dune fynbos-thicket mos.;240;17,49475906
Dune fynbos-thicket mos.;180;12,44684259
Dune fynbos-thicket mos.;400;177
Dune fynbos-thicket mos.;300;135,1462827
Dune fynbos-thicket mos.;240;106,778357
Dune fynbos-thicket mos.;180;75,96865994
Dune fynbos-thicket mos.;400;76
Dune fynbos-thicket mos.;300;58,02891235
Dune fynbos-thicket mos.;240;45,8483341
Dune fynbos-thicket mos.;180;32,61931161
Dune fynbos-thicket mos.;400;13
Dune fynbos-thicket mos.;300;9,925998164
Dune fynbos-thicket mos.;240;7,842478201
Dune fynbos-thicket mos.;180;5,579619091
Dune fynbos-thicket mos.;400;383
Dune fynbos-thicket mos.;300;292,4351767
Dune fynbos-thicket mos.;240;231,0514732
Dune fynbos-thicket mos.;180;164,3841625
Dune fynbos-thicket mos.;400;27
Dune fynbos-thicket mos.;300;20,61553465
Dune fynbos-thicket mos.;240;16,28822396
Dune fynbos-thicket mos.;180;11,58843965
Dune fynbos-thicket mos.;400;37
Dune fynbos-thicket mos.;300;28,25091785
Dune fynbos-thicket mos.;240;22,3208995
Dune fynbos-thicket mos.;180;15,88045434
Dune fynbos-thicket mos.;400;73
Dune fynbos-thicket mos.;300;55,73829738
Dune fynbos-thicket mos.;240;44,03853144
Dune fynbos-thicket mos.;180;31,33170721
Dune fynbos-thicket mos.;400;104
Dune fynbos-thicket mos.;300;79,40798531
Dune fynbos-thicket mos.;240;62,73982561
Dune fynbos-thicket mos.;180;44,63695273
Dune fynbos-thicket mos.;400;202
Dune fynbos-thicket mos.;300;154,2347407
Dune fynbos-thicket mos.;240;121,8600459
Dune fynbos-thicket mos.;180;86,69869665
Dune fynbos-thicket mos.;400;34
Dune fynbos-thicket mos.;300;25,96030289
Dune fynbos-thicket mos.;240;20,51109683
Dune fynbos-thicket mos.;180;14,59284993
Dune fynbos-thicket mos.;400;11
Dune fynbos-thicket mos.;300;8,398921524
Dune fynbos-thicket mos.;240;6,635943093
Dune fynbos-thicket mos.;180;4,721216154
Dune fynbos-thicket mos.;400;41
Dune fynbos-thicket mos.;300;31,30507113
Dune fynbos-thicket mos.;240;24,73396971
Dune fynbos-thicket mos.;180;17,59726021
Dune fynbos-thicket mos.;400;92
Dune fynbos-thicket mos.;300;70,24552547
Dune fynbos-thicket mos.;240;55,50061496
Dune fynbos-thicket mos.;180;39,48653511
Dune fynbos-thicket mos.;400;766
Dune fynbos-thicket mos.;300;584,8703534
Dune fynbos-thicket mos.;240;462,1029463
Dune fynbos-thicket mos.;180;328,7683249
Dune fynbos-thicket mos.;400;13
Dune fynbos-thicket mos.;300;9,925998164
Dune fynbos-thicket mos.;240;7,842478201
Dune fynbos-thicket mos.;180;5,579619091
Dune fynbos-thicket mos.;400;1422
Dune fynbos-thicket mos.;300;1085,751492
Dune fynbos-thicket mos.;240;857,8464617
Dune fynbos-thicket mos.;180;610,3244883
Dune fynbos-thicket mos.;400;238
Dune fynbos-thicket mos.;300;181,7221202
Dune fynbos-thicket mos.;240;143,5776778
Dune fynbos-thicket mos.;180;102,1499495
Dune fynbos-thicket mos.;400;146
Dune fynbos-thicket mos.;300;111,4765948
Dune fynbos-thicket mos.;240;88,07706287
Dune fynbos-thicket mos.;180;62,66341441
Dune fynbos-thicket mos.;400;24
Dune fynbos-thicket mos.;300;18,32491969
Dune fynbos-thicket mos.;240;14,47842129
Dune fynbos-thicket mos.;180;10,30083525
Dune fynbos-thicket mos.;400;37
Dune fynbos-thicket mos.;300;28,25091785
Dune fynbos-thicket mos.;240;22,3208995
Dune fynbos-thicket mos.;180;15,88045434
Dune fynbos-thicket mos.;400;93
Dune fynbos-thicket mos.;300;71,00906379
Dune fynbos-thicket mos.;240;56,10388251
Dune fynbos-thicket mos.;180;39,91573658
Dune fynbos-thicket mos.;400;124
Dune fynbos-thicket mos.;300;94,67875172
Dune fynbos-thicket mos.;240;74,80517669
Dune fynbos-thicket mos.;180;53,2209821
Dune fynbos-thicket mos.;400;0
Dune fynbos-thicket mos.;300;0
Dune fynbos-thicket mos.;240;0
Dune fynbos-thicket mos.;180;0
Dune fynbos-thicket mos.;400;0
Dune fynbos-thicket mos.;300;0
Dune fynbos-thicket mos.;240;0
Dune fynbos-thicket mos.;180;0
Dune fynbos-thicket mos.;400;740
Dune fynbos-thicket mos.;300;565,018357
Dune fynbos-thicket mos.;240;446,4179899
Dune fynbos-thicket mos.;180;317,6090867
Dune fynbos-thicket mos.;400;47
Dune fynbos-thicket mos.;300;35,88630106
Dune fynbos-thicket mos.;240;28,35357503
Dune fynbos-thicket mos.;180;20,17246902
Dune fynbos-thicket mos.;400;190
Dune fynbos-thicket mos.;300;145,0722809
Dune fynbos-thicket mos.;240;114,6208352
Dune fynbos-thicket mos.;180;81,54827903
Dune fynbos-thicket mos.;400;48
Dune fynbos-thicket mos.;300;36,64983938
Dune fynbos-thicket mos.;240;28,95684259
Dune fynbos-thicket mos.;180;20,60167049
Dune fynbos-thicket mos.;400;34
Dune fynbos-thicket mos.;300;25,96030289
Dune fynbos-thicket mos.;240;20,51109683
Dune fynbos-thicket mos.;180;14,59284993
Dune fynbos-thicket mos.;400;41
Dune fynbos-thicket mos.;300;31,30507113
Dune fynbos-thicket mos.;240;24,73396971
Dune fynbos-thicket mos.;180;17,59726021
Dune fynbos-thicket mos.;400;0
Dune fynbos-thicket mos.;300;0
Dune fynbos-thicket mos.;240;0
Dune fynbos-thicket mos.;180;0
Dune fynbos-thicket mos.;400;39
Dune fynbos-thicket mos.;300;29,77799449
Dune fynbos-thicket mos.;240;23,5274346
Dune fynbos-thicket mos.;180;16,73885727
Dune fynbos-thicket mos.;400;0
Dune fynbos-thicket mos.;300;0
Dune fynbos-thicket mos.;240;0
Dune fynbos-thicket mos.;180;0
Dune fynbos-thicket mos.;400;10
Dune fynbos-thicket mos.;300;7,635383203
Dune fynbos-thicket mos.;240;6,032675539
Dune fynbos-thicket mos.;180;4,292014686
Dune fynbos-thicket mos.;400;0
Dune fynbos-thicket mos.;300;0
Dune fynbos-thicket mos.;240;0
Dune fynbos-thicket mos.;180;0
Dune fynbos-thicket mos.;400;0
Dune fynbos-thicket mos.;300;0
Dune fynbos-thicket mos.;240;0
Dune fynbos-thicket mos.;180;0
Dune fynbos-thicket mos.;400;120
Dune fynbos-thicket mos.;300;91,62459844
Dune fynbos-thicket mos.;240;72,39210647
Dune fynbos-thicket mos.;180;51,50417623
Dune fynbos-thicket mos.;400;16
Dune fynbos-thicket mos.;300;12,21661313
Dune fynbos-thicket mos.;240;9,652280863
Dune fynbos-thicket mos.;180;6,867223497
Dune fynbos-thicket mos.;400;101
Dune fynbos-thicket mos.;300;77,11737035
Dune fynbos-thicket mos.;240;60,93002295
Dune fynbos-thicket mos.;180;43,34934832
Dune fynbos-thicket mos.;400;34
Dune fynbos-thicket mos.;300;25,96030289
Dune fynbos-thicket mos.;240;20,51109683
Dune fynbos-thicket mos.;180;14,59284993
Dune fynbos-thicket mos.;400;273
Dune fynbos-thicket mos.;300;208,4459615
Dune fynbos-thicket mos.;240;164,6920422
Dune fynbos-thicket mos.;180;117,1720009
Dune fynbos-thicket mos.;400;0
Dune fynbos-thicket mos.;300;0
Dune fynbos-thicket mos.;240;0
Dune fynbos-thicket mos.;180;0
Dune fynbos-thicket mos.;400;0
Dune fynbos-thicket mos.;300;0
Dune fynbos-thicket mos.;240;0
Dune fynbos-thicket mos.;180;0
Dune fynbos-thicket mos.;400;9
Dune fynbos-thicket mos.;300;6,871844883
Dune fynbos-thicket mos.;240;5,429407985
Dune fynbos-thicket mos.;180;3,862813217
Dune fynbos-thicket mos.;400;47
Dune fynbos-thicket mos.;300;35,88630106
Dune fynbos-thicket mos.;240;28,35357503
Dune fynbos-thicket mos.;180;20,17246902
Dune fynbos-thicket mos.;400;202
Dune fynbos-thicket mos.;300;154,2347407
Dune fynbos-thicket mos.;240;121,8600459
Dune fynbos-thicket mos.;180;86,69869665
Dune fynbos-thicket mos.;400;407
Dune fynbos-thicket mos.;300;310,7600964
Dune fynbos-thicket mos.;240;245,5298944
Dune fynbos-thicket mos.;180;174,6849977
Dune fynbos-thicket mos.;400;57
Dune fynbos-thicket mos.;300;43,52168426
Dune fynbos-thicket mos.;240;34,38625057
Dune fynbos-thicket mos.;180;24,46448371
Dune fynbos-thicket mos.;400;86
Dune fynbos-thicket mos.;300;65,66429555
Dune fynbos-thicket mos.;240;51,88100964
Dune fynbos-thicket mos.;180;36,9113263
Dune fynbos-thicket mos.;400;0
Dune fynbos-thicket mos.;300;0
Dune fynbos-thicket mos.;240;0
Dune fynbos-thicket mos.;180;0
Dune fynbos-thicket mos.;400;14
Dune fynbos-thicket mos.;300;10,68953648
Dune fynbos-thicket mos.;240;8,445745755
Dune fynbos-thicket mos.;180;6,00882056
Dune fynbos-thicket mos.;400;0
Dune fynbos-thicket mos.;300;0
Dune fynbos-thicket mos.;240;0
Dune fynbos-thicket mos.;180;0
Dune fynbos-thicket mos.;400;243
Dune fynbos-thicket mos.;300;185,5398118
Dune fynbos-thicket mos.;240;146,5940156
Dune fynbos-thicket mos.;180;104,2959569
Dune fynbos-thicket mos.;400;650
Dune fynbos-thicket mos.;300;496,2999082
Dune fynbos-thicket mos.;240;392,1239101
Dune fynbos-thicket mos.;180;278,9809546
Dune fynbos-thicket mos.;400;0
Dune fynbos-thicket mos.;300;0
Dune fynbos-thicket mos.;240;0
Dune fynbos-thicket mos.;180;0
Dune fynbos-thicket mos.;400;93
Dune fynbos-thicket mos.;300;71,00906379
Dune fynbos-thicket mos.;240;56,10388251
Dune fynbos-thicket mos.;180;39,91573658
Dune fynbos-thicket mos.;400;35
Dune fynbos-thicket mos.;300;26,72384121
Dune fynbos-thicket mos.;240;21,11436439
Dune fynbos-thicket mos.;180;15,0220514
Dune fynbos-thicket mos.;400;16
Dune fynbos-thicket mos.;300;12,21661313
Dune fynbos-thicket mos.;240;9,652280863
Dune fynbos-thicket mos.;180;6,867223497
Subtropical thicket;400;0
Subtropical thicket;300;0
Subtropical thicket;240;0
Subtropical thicket;180;0
Subtropical thicket;400;0
Subtropical thicket;300;0
Subtropical thicket;240;0
Subtropical thicket;180;0
Subtropical thicket;400;4
Subtropical thicket;300;3,054153281
Subtropical thicket;240;2,413070216
Subtropical thicket;180;1,716805874
Subtropical thicket;400;193
Subtropical thicket;300;147,3628958
Subtropical thicket;240;116,4306379
Subtropical thicket;180;82,83588343
Subtropical thicket;400;46
Subtropical thicket;300;35,12276274
Subtropical thicket;240;27,75030748
Subtropical thicket;180;19,74326755
Subtropical thicket;400;51
Subtropical thicket;300;38,94045434
Subtropical thicket;240;30,76664525
Subtropical thicket;180;21,8892749
Subtropical thicket;400;174
Subtropical thicket;300;132,8556677
Subtropical thicket;240;104,9685544
Subtropical thicket;180;74,68105553
Subtropical thicket;400;75
Subtropical thicket;300;57,26537402
Subtropical thicket;240;45,24506654
Subtropical thicket;180;32,19011014
Subtropical thicket;400;2
Subtropical thicket;300;1,527076641
Subtropical thicket;240;1,206535108
Subtropical thicket;180;0,858402937
Subtropical thicket;400;61
Subtropical thicket;300;46,57583754
Subtropical thicket;240;36,79932079
Subtropical thicket;180;26,18128958
Subtropical thicket;400;94
Subtropical thicket;300;71,77260211
Subtropical thicket;240;56,70715007
Subtropical thicket;180;40,34493804
Subtropical thicket;400;5
Subtropical thicket;300;3,817691602
Subtropical thicket;240;3,01633777
Subtropical thicket;180;2,146007343
Subtropical thicket;400;0
Subtropical thicket;300;0
Subtropical thicket;240;0
Subtropical thicket;180;0
Subtropical thicket;400;18
Subtropical thicket;300;13,74368977
Subtropical thicket;240;10,85881597
Subtropical thicket;180;7,725626434
Subtropical thicket;400;0
Subtropical thicket;300;0
Subtropical thicket;240;0
Subtropical thicket;180;0
Subtropical thicket;400;26
Subtropical thicket;300;19,85199633
Subtropical thicket;240;15,6849564
Subtropical thicket;180;11,15923818
Subtropical thicket;400;31
Subtropical thicket;300;23,66968793
Subtropical thicket;240;18,70129417
Subtropical thicket;180;13,30524553
Subtropical thicket;400;31
Subtropical thicket;300;23,66968793
Subtropical thicket;240;18,70129417
Subtropical thicket;180;13,30524553
Subtropical thicket;400;0
Subtropical thicket;300;0
Subtropical thicket;240;0
Subtropical thicket;180;0
Subtropical thicket;400;0
Subtropical thicket;300;0
Subtropical thicket;240;0
Subtropical thicket;180;0
Subtropical thicket;400;0
Subtropical thicket;300;0
Subtropical thicket;240;0
Subtropical thicket;180;0
Subtropical thicket;400;0
Subtropical thicket;300;0
Subtropical thicket;240;0
Subtropical thicket;180;0
Subtropical thicket;400;28
Subtropical thicket;300;21,37907297
Subtropical thicket;240;16,89149151
Subtropical thicket;180;12,01764112
Subtropical thicket;400;0
Subtropical thicket;300;0
Subtropical thicket;240;0
Subtropical thicket;180;0
Subtropical thicket;400;0
Subtropical thicket;300;0
Subtropical thicket;240;0
Subtropical thicket;180;0
Subtropical thicket;400;5
Subtropical thicket;300;3,817691602
Subtropical thicket;240;3,01633777
Subtropical thicket;180;2,146007343
Subtropical thicket;400;27
Subtropical thicket;300;20,61553465
Subtropical thicket;240;16,28822396
Subtropical thicket;180;11,58843965
Subtropical thicket;400;35
Subtropical thicket;300;26,72384121
Subtropical thicket;240;21,11436439
Subtropical thicket;180;15,0220514
Subtropical thicket;400;12
Subtropical thicket;300;9,162459844
Subtropical thicket;240;7,239210647
Subtropical thicket;180;5,150417623
Subtropical thicket;400;0
Subtropical thicket;300;0
Subtropical thicket;240;0
Subtropical thicket;180;0
Subtropical thicket;400;5
Subtropical thicket;300;3,817691602
Subtropical thicket;240;3,01633777
Subtropical thicket;180;2,146007343
Subtropical thicket;400;0
Subtropical thicket;300;0
Subtropical thicket;240;0
Subtropical thicket;180;0
Subtropical thicket;400;0
Subtropical thicket;300;0
Subtropical thicket;240;0
Subtropical thicket;180;0
Subtropical thicket;400;0
Subtropical thicket;300;0
Subtropical thicket;240;0
Subtropical thicket;180;0
Subtropical thicket;400;0
Subtropical thicket;300;0
Subtropical thicket;240;0
Subtropical thicket;180;0
Subtropical thicket;400;0
Subtropical thicket;300;0
Subtropical thicket;240;0
Subtropical thicket;180;0
Subtropical thicket;400;0
Subtropical thicket;300;0
Subtropical thicket;240;0
Subtropical thicket;180;0
Subtropical thicket;400;0
Subtropical thicket;300;0
Subtropical thicket;240;0
Subtropical thicket;180;0
Subtropical thicket;400;9
Subtropical thicket;300;6,871844883
Subtropical thicket;240;5,429407985
Subtropical thicket;180;3,862813217
Subtropical thicket;400;0
Subtropical thicket;300;0
Subtropical thicket;240;0
Subtropical thicket;180;0
Subtropical thicket;400;13
Subtropical thicket;300;9,925998164
Subtropical thicket;240;7,842478201
Subtropical thicket;180;5,579619091
Subtropical thicket;400;4
Subtropical thicket;300;3,054153281
Subtropical thicket;240;2,413070216
Subtropical thicket;180;1,716805874
Subtropical thicket;400;20
Subtropical thicket;300;15,27076641
Subtropical thicket;240;12,06535108
Subtropical thicket;180;8,584029371
Subtropical thicket;400;273
Subtropical thicket;300;208,4459615
Subtropical thicket;240;164,6920422
Subtropical thicket;180;117,1720009
Subtropical thicket;400;0
Subtropical thicket;300;0
Subtropical thicket;240;0
Subtropical thicket;180;0
Subtropical thicket;400;460
Subtropical thicket;300;351,2276274
Subtropical thicket;240;277,5030748
Subtropical thicket;180;197,4326755
Subtropical thicket;400;64
Subtropical thicket;300;48,8664525
Subtropical thicket;240;38,60912345
Subtropical thicket;180;27,46889399
Subtropical thicket;400;9
Subtropical thicket;300;6,871844883
Subtropical thicket;240;5,429407985
Subtropical thicket;180;3,862813217
Subtropical thicket;400;60
Subtropical thicket;300;45,81229922
Subtropical thicket;240;36,19605324
Subtropical thicket;180;25,75208811
Subtropical thicket;400;14
Subtropical thicket;300;10,68953648
Subtropical thicket;240;8,445745755
Subtropical thicket;180;6,00882056
Subtropical thicket;400;0
Subtropical thicket;300;0
Subtropical thicket;240;0
Subtropical thicket;180;0
Subtropical thicket;400;34
Subtropical thicket;300;25,96030289
Subtropical thicket;240;20,51109683
Subtropical thicket;180;14,59284993
Subtropical thicket;400;5
Subtropical thicket;300;3,817691602
Subtropical thicket;240;3,01633777
Subtropical thicket;180;2,146007343
Subtropical thicket;400;7
Subtropical thicket;300;5,344768242
Subtropical thicket;240;4,222872877
Subtropical thicket;180;3,00441028
Subtropical thicket;400;11
Subtropical thicket;300;8,398921524
Subtropical thicket;240;6,635943093
Subtropical thicket;180;4,721216154
Subtropical thicket;400;0
Subtropical thicket;300;0
Subtropical thicket;240;0
Subtropical thicket;180;0
Subtropical thicket;400;3
Subtropical thicket;300;2,290614961
Subtropical thicket;240;1,809802662
Subtropical thicket;180;1,287604406
Subtropical thicket;400;1
Subtropical thicket;300;0,76353832
Subtropical thicket;240;0,603267554
Subtropical thicket;180;0,429201469
Subtropical thicket;400;36
Subtropical thicket;300;27,48737953
Subtropical thicket;240;21,71763194
Subtropical thicket;180;15,45125287
Subtropical thicket;400;0
Subtropical thicket;300;0
Subtropical thicket;240;0
Subtropical thicket;180;0
Subtropical thicket;400;48
Subtropical thicket;300;36,64983938
Subtropical thicket;240;28,95684259
Subtropical thicket;180;20,60167049
Subtropical thicket;400;38
Subtropical thicket;300;29,01445617
Subtropical thicket;240;22,92416705
Subtropical thicket;180;16,30965581
Subtropical thicket;400;136
Subtropical thicket;300;103,8412116
Subtropical thicket;240;82,04438733
Subtropical thicket;180;58,37139972
Subtropical thicket;400;66
Subtropical thicket;300;50,39352914
Subtropical thicket;240;39,81565856
Subtropical thicket;180;28,32729693
Subtropical thicket;400;0
Subtropical thicket;300;0
Subtropical thicket;240;0
Subtropical thicket;180;0
Subtropical thicket;400;0
Subtropical thicket;300;0
Subtropical thicket;240;0
Subtropical thicket;180;0
Subtropical thicket;400;0
Subtropical thicket;300;0
Subtropical thicket;240;0
Subtropical thicket;180;0
Subtropical thicket;400;0
Subtropical thicket;300;0
Subtropical thicket;240;0
Subtropical thicket;180;0
Subtropical thicket;400;118
Subtropical thicket;300;90,0975218
Subtropical thicket;240;71,18557136
Subtropical thicket;180;50,64577329
Subtropical thicket;400;38
Subtropical thicket;300;29,01445617
Subtropical thicket;240;22,92416705
Subtropical thicket;180;16,30965581
Subtropical thicket;400;0
Subtropical thicket;300;0
Subtropical thicket;240;0
Subtropical thicket;180;0
Subtropical thicket;400;54
Subtropical thicket;300;41,2310693
Subtropical thicket;240;32,57644791
Subtropical thicket;180;23,1768793
Subtropical thicket;400;650
Subtropical thicket;300;496,2999082
Subtropical thicket;240;392,1239101
Subtropical thicket;180;278,9809546
Subtropical thicket;400;70
Subtropical thicket;300;53,44768242
Subtropical thicket;240;42,22872877
Subtropical thicket;180;30,0441028
Subtropical thicket;400;0
Subtropical thicket;300;0
Subtropical thicket;240;0
Subtropical thicket;180;0
Subtropical thicket;400;25
Subtropical thicket;300;19,08845801
Subtropical thicket;240;15,08168885
Subtropical thicket;180;10,73003671
Subtropical thicket;400;218
Subtropical thicket;300;166,4513538
Subtropical thicket;240;131,5123268
Subtropical thicket;180;93,56592015
Sand fynbos;400;0
Sand fynbos;300;0
Sand fynbos;240;0
Sand fynbos;180;0
Sand fynbos;400;0
Sand fynbos;300;0
Sand fynbos;240;0
Sand fynbos;180;0
Sand fynbos;400;90
Sand fynbos;300;68,71844883
Sand fynbos;240;54,29407985
Sand fynbos;180;38,62813217
Sand fynbos;400;93
Sand fynbos;300;71,00906379
Sand fynbos;240;56,10388251
Sand fynbos;180;39,91573658
Sand fynbos;400;0
Sand fynbos;300;0
Sand fynbos;240;0
Sand fynbos;180;0
Sand fynbos;400;137
Sand fynbos;300;104,6047499
Sand fynbos;240;82,64765489
Sand fynbos;180;58,80060119
Sand fynbos;400;208
Sand fynbos;300;158,8159706
Sand fynbos;240;125,4796512
Sand fynbos;180;89,27390546
Sand fynbos;400;236
Sand fynbos;300;180,1950436
Sand fynbos;240;142,3711427
Sand fynbos;180;101,2915466
Sand fynbos;400;0
Sand fynbos;300;0
Sand fynbos;240;0
Sand fynbos;180;0
Sand fynbos;400;0
Sand fynbos;300;0
Sand fynbos;240;0
Sand fynbos;180;0
Sand fynbos;400;0
Sand fynbos;300;0
Sand fynbos;240;0
Sand fynbos;180;0
Sand fynbos;400;49
Sand fynbos;300;37,4133777
Sand fynbos;240;29,56011014
Sand fynbos;180;21,03087196
Sand fynbos;400;27
Sand fynbos;300;20,61553465
Sand fynbos;240;16,28822396
Sand fynbos;180;11,58843965
Sand fynbos;400;0
Sand fynbos;300;0
Sand fynbos;240;0
Sand fynbos;180;0
Sand fynbos;400;30
Sand fynbos;300;22,90614961
Sand fynbos;240;18,09802662
Sand fynbos;180;12,87604406
Sand fynbos;400;37
Sand fynbos;300;28,25091785
Sand fynbos;240;22,3208995
Sand fynbos;180;15,88045434
Sand fynbos;400;47
Sand fynbos;300;35,88630106
Sand fynbos;240;28,35357503
Sand fynbos;180;20,17246902
Sand fynbos;400;27
Sand fynbos;300;20,61553465
Sand fynbos;240;16,28822396
Sand fynbos;180;11,58843965
Sand fynbos;400;0
Sand fynbos;300;0
Sand fynbos;240;0
Sand fynbos;180;0
Sand fynbos;400;16
Sand fynbos;300;12,21661313
Sand fynbos;240;9,652280863
Sand fynbos;180;6,867223497
Sand fynbos;400;0
Sand fynbos;300;0
Sand fynbos;240;0
Sand fynbos;180;0
Sand fynbos;400;0
Sand fynbos;300;0
Sand fynbos;240;0
Sand fynbos;180;0
Sand fynbos;400;0
Sand fynbos;300;0
Sand fynbos;240;0
Sand fynbos;180;0
Sand fynbos;400;0
Sand fynbos;300;0
Sand fynbos;240;0
Sand fynbos;180;0
Sand fynbos;400;37
Sand fynbos;300;28,25091785
Sand fynbos;240;22,3208995
Sand fynbos;180;15,88045434
Sand fynbos;400;0
Sand fynbos;300;0
Sand fynbos;240;0
Sand fynbos;180;0
Sand fynbos;400;41
Sand fynbos;300;31,30507113
Sand fynbos;240;24,73396971
Sand fynbos;180;17,59726021
Sand fynbos;400;0
Sand fynbos;300;0
Sand fynbos;240;0
Sand fynbos;180;0
Sand fynbos;400;17
Sand fynbos;300;12,98015145
Sand fynbos;240;10,25554842
Sand fynbos;180;7,296424966
Sand fynbos;400;0
Sand fynbos;300;0
Sand fynbos;240;0
Sand fynbos;180;0
Sand fynbos;400;0
Sand fynbos;300;0
Sand fynbos;240;0
Sand fynbos;180;0
Sand fynbos;400;25
Sand fynbos;300;19,08845801
Sand fynbos;240;15,08168885
Sand fynbos;180;10,73003671
Sand fynbos;400;381
Sand fynbos;300;290,9081
Sand fynbos;240;229,844938
Sand fynbos;180;163,5257595
Sand fynbos;400;0
Sand fynbos;300;0
Sand fynbos;240;0
Sand fynbos;180;0
Sand fynbos;400;161
Sand fynbos;300;122,9296696
Sand fynbos;240;97,12607618
Sand fynbos;180;69,10143644
Sand fynbos;400;0
Sand fynbos;300;0
Sand fynbos;240;0
Sand fynbos;180;0
Sand fynbos;400;296
Sand fynbos;300;226,0073428
Sand fynbos;240;178,567196
Sand fynbos;180;127,0436347
Sand fynbos;400;73
Sand fynbos;300;55,73829738
Sand fynbos;240;44,03853144
Sand fynbos;180;31,33170721
Sand fynbos;400;325
Sand fynbos;300;248,1499541
Sand fynbos;240;196,061955
Sand fynbos;180;139,4904773
Sand fynbos;400;84
Sand fynbos;300;64,13721891
Sand fynbos;240;50,67447453
Sand fynbos;180;36,05292336
Sand fynbos;400;135
Sand fynbos;300;103,0776732
Sand fynbos;240;81,44111978
Sand fynbos;180;57,94219826
Sand fynbos;400;0
Sand fynbos;300;0
Sand fynbos;240;0
Sand fynbos;180;0
Sand fynbos;400;281
Sand fynbos;300;214,554268
Sand fynbos;240;169,5181827
Sand fynbos;180;120,6056127
Sand fynbos;400;444
Sand fynbos;300;339,0110142
Sand fynbos;240;267,8507939
Sand fynbos;180;190,565452
Sand fynbos;400;0
Sand fynbos;300;0
Sand fynbos;240;0
Sand fynbos;180;0
Sand fynbos;400;2084
Sand fynbos;300;1591,21386
Sand fynbos;240;1257,209582
Sand fynbos;180;894,4558605
Sand fynbos;400;259
Sand fynbos;300;197,756425
Sand fynbos;240;156,2462965
Sand fynbos;180;111,1631804
Sand fynbos;400;87
Sand fynbos;300;66,42783387
Sand fynbos;240;52,48427719
Sand fynbos;180;37,34052777
Sand fynbos;400;344
Sand fynbos;300;262,6571822
Sand fynbos;240;207,5240385
Sand fynbos;180;147,6453052
Sand fynbos;400;266
Sand fynbos;300;203,1011932
Sand fynbos;240;160,4691693
Sand fynbos;180;114,1675906
Sand fynbos;400;9
Sand fynbos;300;6,871844883
Sand fynbos;240;5,429407985
Sand fynbos;180;3,862813217
Sand fynbos;400;0
Sand fynbos;300;0
Sand fynbos;240;0
Sand fynbos;180;0
Sand fynbos;400;0
Sand fynbos;300;0
Sand fynbos;240;0
Sand fynbos;180;0
Sand fynbos;400;28
Sand fynbos;300;21,37907297
Sand fynbos;240;16,89149151
Sand fynbos;180;12,01764112
Sand fynbos;400;0
Sand fynbos;300;0
Sand fynbos;240;0
Sand fynbos;180;0
Sand fynbos;400;552
Sand fynbos;300;421,4731528
Sand fynbos;240;333,0036898
Sand fynbos;180;236,9192106
Sand fynbos;400;201
Sand fynbos;300;153,4712024
Sand fynbos;240;121,2567783
Sand fynbos;180;86,26949518
Sand fynbos;400;0
Sand fynbos;300;0
Sand fynbos;240;0
Sand fynbos;180;0
Sand fynbos;400;186
Sand fynbos;300;142,0181276
Sand fynbos;240;112,207765
Sand fynbos;180;79,83147315
Sand fynbos;400;116
Sand fynbos;300;88,57044516
Sand fynbos;240;69,97903626
Sand fynbos;180;49,78737035
Sand fynbos;400;239
Sand fynbos;300;182,4856586
Sand fynbos;240;144,1809454
Sand fynbos;180;102,579151
Sand fynbos;400;246
Sand fynbos;300;187,8304268
Sand fynbos;240;148,4038183
Sand fynbos;180;105,5835613
Sand fynbos;400;0
Sand fynbos;300;0
Sand fynbos;240;0
Sand fynbos;180;0
Sand fynbos;400;340
Sand fynbos;300;259,6030289
Sand fynbos;240;205,1109683
Sand fynbos;180;145,9284993
Sand fynbos;400;0
Sand fynbos;300;0
Sand fynbos;240;0
Sand fynbos;180;0
Sand fynbos;400;0
Sand fynbos;300;0
Sand fynbos;240;0
Sand fynbos;180;0
Sand fynbos;400;260
Sand fynbos;300;198,5199633
Sand fynbos;240;156,849564
Sand fynbos;180;111,5923818
Sand fynbos;400;227
Sand fynbos;300;173,3231987
Sand fynbos;240;136,9417347
Sand fynbos;180;97,42873336
Sand fynbos;400;341
Sand fynbos;300;260,3665672
Sand fynbos;240;205,7142359
Sand fynbos;180;146,3577008
Sand fynbos;400;209
Sand fynbos;300;159,5795089
Sand fynbos;240;126,0829188
Sand fynbos;180;89,70310693
Sand fynbos;400;24
Sand fynbos;300;18,32491969
Sand fynbos;240;14,47842129
Sand fynbos;180;10,30083525
Sand fynbos;400;352
Sand fynbos;300;268,7654888
Sand fynbos;240;212,350179
Sand fynbos;180;151,0789169
Sand fynbos;400;440
Sand fynbos;300;335,9568609
Sand fynbos;240;265,4377237
Sand fynbos;180;188,8486462
Sand fynbos;400;71
Sand fynbos;300;54,21122074
Sand fynbos;240;42,83199633
Sand fynbos;180;30,47330427
Sand fynbos;400;214
Sand fynbos;300;163,3972006
Sand fynbos;240;129,0992565
Sand fynbos;180;91,84911427
Sand fynbos;400;106
Sand fynbos;300;80,93506196
Sand fynbos;240;63,94636072
Sand fynbos;180;45,49535567
Sand fynbos;400;269
Sand fynbos;300;205,3918082
Sand fynbos;240;162,278972
Sand fynbos;180;115,455195
Sand fynbos;400;257
Sand fynbos;300;196,2293483
Sand fynbos;240;155,0397614
Sand fynbos;180;110,3047774
Sand fynbos;400;146
Sand fynbos;300;111,4765948
Sand fynbos;240;88,07706287
Sand fynbos;180;62,66341441
Sand fynbos;400;141
Sand fynbos;300;107,6589032
Sand fynbos;240;85,0607251
Sand fynbos;180;60,51740707
Sand fynbos;400;243
Sand fynbos;300;185,5398118
Sand fynbos;240;146,5940156
Sand fynbos;180;104,2959569
Sand fynbos;400;0
Sand fynbos;300;0
Sand fynbos;240;0
Sand fynbos;180;0
Sand fynbos;400;1006
Sand fynbos;300;768,1195503
Sand fynbos;240;606,8871592
Sand fynbos;180;431,7766774
Sand fynbos;400;0
Sand fynbos;300;0
Sand fynbos;240;0
Sand fynbos;180;0
Sand fynbos;400;39
Sand fynbos;300;29,77799449
Sand fynbos;240;23,5274346
Sand fynbos;180;16,73885727
Sand fynbos;400;0
Sand fynbos;300;0
Sand fynbos;240;0
Sand fynbos;180;0
Sand fynbos;400;0
Sand fynbos;300;0
Sand fynbos;240;0
Sand fynbos;180;0
Sand fynbos;400;655
Sand fynbos;300;500,1175998
Sand fynbos;240;395,1402478
Sand fynbos;180;281,1269619
Sand fynbos;400;939
Sand fynbos;300;716,9624828
Sand fynbos;240;566,4682331
Sand fynbos;180;403,020179
Sand fynbos;400;61
Sand fynbos;300;46,57583754
Sand fynbos;240;36,79932079
Sand fynbos;180;26,18128958
Sand fynbos;400;780
Sand fynbos;300;595,5598899
Sand fynbos;240;470,5486921
Sand fynbos;180;334,7771455
Sand fynbos;400;123
Sand fynbos;300;93,9152134
Sand fynbos;240;74,20190913
Sand fynbos;180;52,79178063
Sand fynbos;400;32
Sand fynbos;300;24,43322625
Sand fynbos;240;19,30456173
Sand fynbos;180;13,73444699
Sand fynbos;400;0
Sand fynbos;300;0
Sand fynbos;240;0
Sand fynbos;180;0
Sand fynbos;400;21
Sand fynbos;300;16,03430473
Sand fynbos;240;12,66861863
Sand fynbos;180;9,01323084
Sand fynbos;400;40
Sand fynbos;300;30,54153281
Sand fynbos;240;24,13070216
Sand fynbos;180;17,16805874
Sand fynbos;400;0
Sand fynbos;300;0
Sand fynbos;240;0
Sand fynbos;180;0
Sand fynbos;400;11
Sand fynbos;300;8,398921524
Sand fynbos;240;6,635943093
Sand fynbos;180;4,721216154
Sand fynbos;400;0
Sand fynbos;300;0
Sand fynbos;240;0
Sand fynbos;180;0
Sand fynbos;400;0
Sand fynbos;300;0
Sand fynbos;240;0
Sand fynbos;180;0
Sand fynbos;400;140
Sand fynbos;300;106,8953648
Sand fynbos;240;84,45745755
Sand fynbos;180;60,0882056
Sand fynbos;400;695
Sand fynbos;300;530,6591326
Sand fynbos;240;419,27095
Sand fynbos;180;298,2950207
Limestone fynbos;400;0
Limestone fynbos;300;0
Limestone fynbos;240;0
Limestone fynbos;180;0
Limestone fynbos;400;385
Limestone fynbos;300;293,9622533
Limestone fynbos;240;232,2580083
Limestone fynbos;180;165,2425654
Limestone fynbos;400;252
Limestone fynbos;300;192,4116567
Limestone fynbos;240;152,0234236
Limestone fynbos;180;108,1587701
Limestone fynbos;400;308
Limestone fynbos;300;235,1698027
Limestone fynbos;240;185,8064066
Limestone fynbos;180;132,1940523
Limestone fynbos;400;0
Limestone fynbos;300;0
Limestone fynbos;240;0
Limestone fynbos;180;0
Limestone fynbos;400;0
Limestone fynbos;300;0
Limestone fynbos;240;0
Limestone fynbos;180;0
Limestone fynbos;400;0
Limestone fynbos;300;0
Limestone fynbos;240;0
Limestone fynbos;180;0
Limestone fynbos;400;0
Limestone fynbos;300;0
Limestone fynbos;240;0
Limestone fynbos;180;0
Limestone fynbos;400;0
Limestone fynbos;300;0
Limestone fynbos;240;0
Limestone fynbos;180;0
Limestone fynbos;400;12
Limestone fynbos;300;9,162459844
Limestone fynbos;240;7,239210647
Limestone fynbos;180;5,150417623
Limestone fynbos;400;22
Limestone fynbos;300;16,79784305
Limestone fynbos;240;13,27188619
Limestone fynbos;180;9,442432308
Limestone fynbos;400;32
Limestone fynbos;300;24,43322625
Limestone fynbos;240;19,30456173
Limestone fynbos;180;13,73444699
Limestone fynbos;400;43
Limestone fynbos;300;32,83214777
Limestone fynbos;240;25,94050482
Limestone fynbos;180;18,45566315
Limestone fynbos;400;15
Limestone fynbos;300;11,4530748
Limestone fynbos;240;9,049013309
Limestone fynbos;180;6,438022028
Limestone fynbos;400;2
Limestone fynbos;300;1,527076641
Limestone fynbos;240;1,206535108
Limestone fynbos;180;0,858402937
Limestone fynbos;400;0
Limestone fynbos;300;0
Limestone fynbos;240;0
Limestone fynbos;180;0
Limestone fynbos;400;69
Limestone fynbos;300;52,6841441
Limestone fynbos;240;41,62546122
Limestone fynbos;180;29,61490133
Limestone fynbos;400;122
Limestone fynbos;300;93,15167508
Limestone fynbos;240;73,59864158
Limestone fynbos;180;52,36257916
Limestone fynbos;400;0
Limestone fynbos;300;0
Limestone fynbos;240;0
Limestone fynbos;180;0
Limestone fynbos;400;19
Limestone fynbos;300;14,50722809
Limestone fynbos;240;11,46208352
Limestone fynbos;180;8,154827903
Limestone fynbos;400;2
Limestone fynbos;300;1,527076641
Limestone fynbos;240;1,206535108
Limestone fynbos;180;0,858402937
Limestone fynbos;400;13
Limestone fynbos;300;9,925998164
Limestone fynbos;240;7,842478201
Limestone fynbos;180;5,579619091
Limestone fynbos;400;0
Limestone fynbos;300;0
Limestone fynbos;240;0
Limestone fynbos;180;0
Limestone fynbos;400;0
Limestone fynbos;300;0
Limestone fynbos;240;0
Limestone fynbos;180;0
Limestone fynbos;400;0
Limestone fynbos;300;0
Limestone fynbos;240;0
Limestone fynbos;180;0
Limestone fynbos;400;0
Limestone fynbos;300;0
Limestone fynbos;240;0
Limestone fynbos;180;0
Limestone fynbos;400;0
Limestone fynbos;300;0
Limestone fynbos;240;0
Limestone fynbos;180;0
Limestone fynbos;400;9
Limestone fynbos;300;6,871844883
Limestone fynbos;240;5,429407985
Limestone fynbos;180;3,862813217
Limestone fynbos;400;0
Limestone fynbos;300;0
Limestone fynbos;240;0
Limestone fynbos;180;0
Limestone fynbos;400;0
Limestone fynbos;300;0
Limestone fynbos;240;0
Limestone fynbos;180;0
Limestone fynbos;400;0
Limestone fynbos;300;0
Limestone fynbos;240;0
Limestone fynbos;180;0
Limestone fynbos;400;24
Limestone fynbos;300;18,32491969
Limestone fynbos;240;14,47842129
Limestone fynbos;180;10,30083525
Limestone fynbos;400;73
Limestone fynbos;300;55,73829738
Limestone fynbos;240;44,03853144
Limestone fynbos;180;31,33170721
Limestone fynbos;400;49
Limestone fynbos;300;37,4133777
Limestone fynbos;240;29,56011014
Limestone fynbos;180;21,03087196
Limestone fynbos;400;0
Limestone fynbos;300;0
Limestone fynbos;240;0
Limestone fynbos;180;0
Limestone fynbos;400;22
Limestone fynbos;300;16,79784305
Limestone fynbos;240;13,27188619
Limestone fynbos;180;9,442432308
Limestone fynbos;400;7
Limestone fynbos;300;5,344768242
Limestone fynbos;240;4,222872877
Limestone fynbos;180;3,00441028
Limestone fynbos;400;0
Limestone fynbos;300;0
Limestone fynbos;240;0
Limestone fynbos;180;0
Limestone fynbos;400;0
Limestone fynbos;300;0
Limestone fynbos;240;0
Limestone fynbos;180;0
Limestone fynbos;400;0
Limestone fynbos;300;0
Limestone fynbos;240;0
Limestone fynbos;180;0
Limestone fynbos;400;7
Limestone fynbos;300;5,344768242
Limestone fynbos;240;4,222872877
Limestone fynbos;180;3,00441028
Limestone fynbos;400;119
Limestone fynbos;300;90,86106012
Limestone fynbos;240;71,78883892
Limestone fynbos;180;51,07497476
Limestone fynbos;400;144
Limestone fynbos;300;109,9495181
Limestone fynbos;240;86,87052777
Limestone fynbos;180;61,80501147
Limestone fynbos;400;7
Limestone fynbos;300;5,344768242
Limestone fynbos;240;4,222872877
Limestone fynbos;180;3,00441028
Limestone fynbos;400;20
Limestone fynbos;300;15,27076641
Limestone fynbos;240;12,06535108
Limestone fynbos;180;8,584029371
Limestone fynbos;400;16
Limestone fynbos;300;12,21661313
Limestone fynbos;240;9,652280863
Limestone fynbos;180;6,867223497
Limestone fynbos;400;0
Limestone fynbos;300;0
Limestone fynbos;240;0
Limestone fynbos;180;0
Limestone fynbos;400;308
Limestone fynbos;300;235,1698027
Limestone fynbos;240;185,8064066
Limestone fynbos;180;132,1940523
Limestone fynbos;400;0
Limestone fynbos;300;0
Limestone fynbos;240;0
Limestone fynbos;180;0
Limestone fynbos;400;0
Limestone fynbos;300;0
Limestone fynbos;240;0
Limestone fynbos;180;0
Limestone fynbos;400;0
Limestone fynbos;300;0
Limestone fynbos;240;0
Limestone fynbos;180;0
Limestone fynbos;400;4
Limestone fynbos;300;3,054153281
Limestone fynbos;240;2,413070216
Limestone fynbos;180;1,716805874
Limestone fynbos;400;0
Limestone fynbos;300;0
Limestone fynbos;240;0
Limestone fynbos;180;0
Limestone fynbos;400;4
Limestone fynbos;300;3,054153281
Limestone fynbos;240;2,413070216
Limestone fynbos;180;1,716805874
Limestone fynbos;400;0
Limestone fynbos;300;0
Limestone fynbos;240;0
Limestone fynbos;180;0
Limestone fynbos;400;0
Limestone fynbos;300;0
Limestone fynbos;240;0
Limestone fynbos;180;0
Limestone fynbos;400;0
Limestone fynbos;300;0
Limestone fynbos;240;0
Limestone fynbos;180;0
Limestone fynbos;400;0
Limestone fynbos;300;0
Limestone fynbos;240;0
Limestone fynbos;180;0
Limestone fynbos;400;3
Limestone fynbos;300;2,290614961
Limestone fynbos;240;1,809802662
Limestone fynbos;180;1,287604406
Limestone fynbos;400;34
Limestone fynbos;300;25,96030289
Limestone fynbos;240;20,51109683
Limestone fynbos;180;14,59284993
Limestone fynbos;400;0
Limestone fynbos;300;0
Limestone fynbos;240;0
Limestone fynbos;180;0
Limestone fynbos;400;10
Limestone fynbos;300;7,635383203
Limestone fynbos;240;6,032675539
Limestone fynbos;180;4,292014686
Limestone fynbos;400;4
Limestone fynbos;300;3,054153281
Limestone fynbos;240;2,413070216
Limestone fynbos;180;1,716805874
Limestone fynbos;400;58
Limestone fynbos;300;44,28522258
Limestone fynbos;240;34,98951813
Limestone fynbos;180;24,89368518
Limestone fynbos;400;48
Limestone fynbos;300;36,64983938
Limestone fynbos;240;28,95684259
Limestone fynbos;180;20,60167049
Limestone fynbos;400;0
Limestone fynbos;300;0
Limestone fynbos;240;0
Limestone fynbos;180;0
Limestone fynbos;400;0
Limestone fynbos;300;0
Limestone fynbos;240;0
Limestone fynbos;180;0
Limestone fynbos;400;61
Limestone fynbos;300;46,57583754
Limestone fynbos;240;36,79932079
Limestone fynbos;180;26,18128958
Limestone fynbos;400;79
Limestone fynbos;300;60,31952731
Limestone fynbos;240;47,65813676
Limestone fynbos;180;33,90691602
Limestone fynbos;400;15
Limestone fynbos;300;11,4530748
Limestone fynbos;240;9,049013309
Limestone fynbos;180;6,438022028
Limestone fynbos;400;4
Limestone fynbos;300;3,054153281
Limestone fynbos;240;2,413070216
Limestone fynbos;180;1,716805874
Limestone fynbos;400;4
Limestone fynbos;300;3,054153281
Limestone fynbos;240;2,413070216
Limestone fynbos;180;1,716805874
Limestone fynbos;400;11
Limestone fynbos;300;8,398921524
Limestone fynbos;240;6,635943093
Limestone fynbos;180;4,721216154
Limestone fynbos;400;259
Limestone fynbos;300;197,756425
Limestone fynbos;240;156,2462965
Limestone fynbos;180;111,1631804
Limestone fynbos;400;0
Limestone fynbos;300;0
Limestone fynbos;240;0
Limestone fynbos;180;0
Limestone fynbos;400;52
Limestone fynbos;300;39,70399266
Limestone fynbos;240;31,3699128
Limestone fynbos;180;22,31847637
Limestone fynbos;400;4
Limestone fynbos;300;3,054153281
Limestone fynbos;240;2,413070216
Limestone fynbos;180;1,716805874
Limestone fynbos;400;0
Limestone fynbos;300;0
Limestone fynbos;240;0
Limestone fynbos;180;0
Limestone fynbos;400;99
Limestone fynbos;300;75,59029371
Limestone fynbos;240;59,72348784
Limestone fynbos;180;42,49094539
Limestone fynbos;400;303
Limestone fynbos;300;231,3521111
Limestone fynbos;240;182,7900688
Limestone fynbos;180;130,048045
Limestone fynbos;400;0
Limestone fynbos;300;0
Limestone fynbos;240;0
Limestone fynbos;180;0
Limestone fynbos;400;278
Limestone fynbos;300;212,2636531
Limestone fynbos;240;167,70838
Limestone fynbos;180;119,3180083
Limestone fynbos;400;42
Limestone fynbos;300;32,06860945
Limestone fynbos;240;25,33723726
Limestone fynbos;180;18,02646168
Limestone fynbos;400;5
Limestone fynbos;300;3,817691602
Limestone fynbos;240;3,01633777
Limestone fynbos;180;2,146007343
Limestone fynbos;400;0
Limestone fynbos;300;0
Limestone fynbos;240;0
Limestone fynbos;180;0
Limestone fynbos;400;34
Limestone fynbos;300;25,96030289
Limestone fynbos;240;20,51109683
Limestone fynbos;180;14,59284993
Limestone fynbos;400;0
Limestone fynbos;300;0
Limestone fynbos;240;0
Limestone fynbos;180;0
Limestone fynbos;400;42
Limestone fynbos;300;32,06860945
Limestone fynbos;240;25,33723726
Limestone fynbos;180;18,02646168
Limestone fynbos;400;48
Limestone fynbos;300;36,64983938
Limestone fynbos;240;28,95684259
Limestone fynbos;180;20,60167049
Limestone fynbos;400;0
Limestone fynbos;300;0
Limestone fynbos;240;0
Limestone fynbos;180;0
Limestone fynbos;400;0
Limestone fynbos;300;0
Limestone fynbos;240;0
Limestone fynbos;180;0
Limestone fynbos;400;9
Limestone fynbos;300;6,871844883
Limestone fynbos;240;5,429407985
Limestone fynbos;180;3,862813217
Limestone fynbos;400;123
Limestone fynbos;300;93,9152134
Limestone fynbos;240;74,20190913
Limestone fynbos;180;52,79178063
Limestone fynbos;400;28
Limestone fynbos;300;21,37907297
Limestone fynbos;240;16,89149151
Limestone fynbos;180;12,01764112
Limestone fynbos;400;76
Limestone fynbos;300;58,02891235
Limestone fynbos;240;45,8483341
Limestone fynbos;180;32,61931161
Limestone fynbos;400;46
Limestone fynbos;300;35,12276274
Limestone fynbos;240;27,75030748
Limestone fynbos;180;19,74326755
Limestone fynbos;400;19
Limestone fynbos;300;14,50722809
Limestone fynbos;240;11,46208352
Limestone fynbos;180;8,154827903
Limestone fynbos;400;199
Limestone fynbos;300;151,9441257
Limestone fynbos;240;120,0502432
Limestone fynbos;180;85,41109224
Limestone fynbos;400;3
Limestone fynbos;300;2,290614961
Limestone fynbos;240;1,809802662
Limestone fynbos;180;1,287604406
Limestone fynbos;400;16
Limestone fynbos;300;12,21661313
Limestone fynbos;240;9,652280863
Limestone fynbos;180;6,867223497
Limestone fynbos;400;9
Limestone fynbos;300;6,871844883
Limestone fynbos;240;5,429407985
Limestone fynbos;180;3,862813217
Limestone fynbos;400;76
Limestone fynbos;300;58,02891235
Limestone fynbos;240;45,8483341
Limestone fynbos;180;32,61931161
Limestone fynbos;400;0
Limestone fynbos;300;0
Limestone fynbos;240;0
Limestone fynbos;180;0
Limestone fynbos;400;47
Limestone fynbos;300;35,88630106
Limestone fynbos;240;28,35357503
Limestone fynbos;180;20,17246902
Limestone fynbos;400;0
Limestone fynbos;300;0
Limestone fynbos;240;0
Limestone fynbos;180;0
Limestone fynbos;400;0
Limestone fynbos;300;0
Limestone fynbos;240;0
Limestone fynbos;180;0
Limestone fynbos;400;182
Limestone fynbos;300;138,9639743
Limestone fynbos;240;109,7946948
Limestone fynbos;180;78,11466728
Limestone fynbos;400;70
Limestone fynbos;300;53,44768242
Limestone fynbos;240;42,22872877
Limestone fynbos;180;30,0441028
Limestone fynbos;400;33
Limestone fynbos;300;25,19676457
Limestone fynbos;240;19,90782928
Limestone fynbos;180;14,16364846
Limestone fynbos;400;60
Limestone fynbos;300;45,81229922
Limestone fynbos;240;36,19605324
Limestone fynbos;180;25,75208811
Limestone fynbos;400;56
Limestone fynbos;300;42,75814594
Limestone fynbos;240;33,78298302
Limestone fynbos;180;24,03528224
Limestone fynbos;400;33
Limestone fynbos;300;25,19676457
Limestone fynbos;240;19,90782928
Limestone fynbos;180;14,16364846
Limestone fynbos;400;0
Limestone fynbos;300;0
Limestone fynbos;240;0
Limestone fynbos;180;0
Renosterveld;400;0
Renosterveld;300;0
Renosterveld;240;0
Renosterveld;180;0
Renosterveld;400;0
Renosterveld;300;0
Renosterveld;240;0
Renosterveld;180;0
Renosterveld;400;0
Renosterveld;300;0
Renosterveld;240;0
Renosterveld;180;0
Renosterveld;400;0
Renosterveld;300;0
Renosterveld;240;0
Renosterveld;180;0
Renosterveld;400;0
Renosterveld;300;0
Renosterveld;240;0
Renosterveld;180;0
Renosterveld;400;0
Renosterveld;300;0
Renosterveld;240;0
Renosterveld;180;0
Renosterveld;400;18
Renosterveld;300;13,74368977
Renosterveld;240;10,85881597
Renosterveld;180;7,725626434
Renosterveld;400;25
Renosterveld;300;19,08845801
Renosterveld;240;15,08168885
Renosterveld;180;10,73003671
Renosterveld;400;15
Renosterveld;300;11,4530748
Renosterveld;240;9,049013309
Renosterveld;180;6,438022028
Renosterveld;400;6
Renosterveld;300;4,581229922
Renosterveld;240;3,619605324
Renosterveld;180;2,575208811
Renosterveld;400;24
Renosterveld;300;18,32491969
Renosterveld;240;14,47842129
Renosterveld;180;10,30083525
Renosterveld;400;73
Renosterveld;300;55,73829738
Renosterveld;240;44,03853144
Renosterveld;180;31,33170721
Renosterveld;400;90
Renosterveld;300;68,71844883
Renosterveld;240;54,29407985
Renosterveld;180;38,62813217
Renosterveld;400;127
Renosterveld;300;96,96936668
Renosterveld;240;76,61497935
Renosterveld;180;54,50858651
Renosterveld;400;25
Renosterveld;300;19,08845801
Renosterveld;240;15,08168885
Renosterveld;180;10,73003671
Renosterveld;400;469
Renosterveld;300;358,0994722
Renosterveld;240;282,9324828
Renosterveld;180;201,2954888
Renosterveld;400;132
Renosterveld;300;100,7870583
Renosterveld;240;79,63131712
Renosterveld;180;56,65459385
Renosterveld;400;0
Renosterveld;300;0
Renosterveld;240;0
Renosterveld;180;0
Renosterveld;400;39
Renosterveld;300;29,77799449
Renosterveld;240;23,5274346
Renosterveld;180;16,73885727
Renosterveld;400;0
Renosterveld;300;0
Renosterveld;240;0
Renosterveld;180;0
Renosterveld;400;0
Renosterveld;300;0
Renosterveld;240;0
Renosterveld;180;0
Renosterveld;400;7
Renosterveld;300;5,344768242
Renosterveld;240;4,222872877
Renosterveld;180;3,00441028
Renosterveld;400;17
Renosterveld;300;12,98015145
Renosterveld;240;10,25554842
Renosterveld;180;7,296424966
Renosterveld;400;11
Renosterveld;300;8,398921524
Renosterveld;240;6,635943093
Renosterveld;180;4,721216154
Renosterveld;400;5
Renosterveld;300;3,817691602
Renosterveld;240;3,01633777
Renosterveld;180;2,146007343
Renosterveld;400;0
Renosterveld;300;0
Renosterveld;240;0
Renosterveld;180;0
Renosterveld;400;49
Renosterveld;300;37,4133777
Renosterveld;240;29,56011014
Renosterveld;180;21,03087196
Renosterveld;400;3
Renosterveld;300;2,290614961
Renosterveld;240;1,809802662
Renosterveld;180;1,287604406
Renosterveld;400;0
Renosterveld;300;0
Renosterveld;240;0
Renosterveld;180;0
Renosterveld;400;3
Renosterveld;300;2,290614961
Renosterveld;240;1,809802662
Renosterveld;180;1,287604406
Renosterveld;400;19
Renosterveld;300;14,50722809
Renosterveld;240;11,46208352
Renosterveld;180;8,154827903
Renosterveld;400;0
Renosterveld;300;0
Renosterveld;240;0
Renosterveld;180;0
Renosterveld;400;0
Renosterveld;300;0
Renosterveld;240;0
Renosterveld;180;0
Renosterveld;400;19
Renosterveld;300;14,50722809
Renosterveld;240;11,46208352
Renosterveld;180;8,154827903
Renosterveld;400;0
Renosterveld;300;0
Renosterveld;240;0
Renosterveld;180;0
Renosterveld;400;0
Renosterveld;300;0
Renosterveld;240;0
Renosterveld;180;0
Renosterveld;400;34
Renosterveld;300;25,96030289
Renosterveld;240;20,51109683
Renosterveld;180;14,59284993
Renosterveld;400;0
Renosterveld;300;0
Renosterveld;240;0
Renosterveld;180;0
Renosterveld;400;35
Renosterveld;300;26,72384121
Renosterveld;240;21,11436439
Renosterveld;180;15,0220514
Renosterveld;400;39
Renosterveld;300;29,77799449
Renosterveld;240;23,5274346
Renosterveld;180;16,73885727
Renosterveld;400;13
Renosterveld;300;9,925998164
Renosterveld;240;7,842478201
Renosterveld;180;5,579619091
Renosterveld;400;0
Renosterveld;300;0
Renosterveld;240;0
Renosterveld;180;0
Renosterveld;400;15
Renosterveld;300;11,4530748
Renosterveld;240;9,049013309
Renosterveld;180;6,438022028
Renosterveld;400;19
Renosterveld;300;14,50722809
Renosterveld;240;11,46208352
Renosterveld;180;8,154827903
Renosterveld;400;7
Renosterveld;300;5,344768242
Renosterveld;240;4,222872877
Renosterveld;180;3,00441028
Renosterveld;400;0
Renosterveld;300;0
Renosterveld;240;0
Renosterveld;180;0
Renosterveld;400;17
Renosterveld;300;12,98015145
Renosterveld;240;10,25554842
Renosterveld;180;7,296424966
Renosterveld;400;42
Renosterveld;300;32,06860945
Renosterveld;240;25,33723726
Renosterveld;180;18,02646168
Renosterveld;400;0
Renosterveld;300;0
Renosterveld;240;0
Renosterveld;180;0
Renosterveld;400;24
Renosterveld;300;18,32491969
Renosterveld;240;14,47842129
Renosterveld;180;10,30083525
Renosterveld;400;38
Renosterveld;300;29,01445617
Renosterveld;240;22,92416705
Renosterveld;180;16,30965581
Renosterveld;400;67
Renosterveld;300;51,15706746
Renosterveld;240;40,41892611
Renosterveld;180;28,75649839
Renosterveld;400;0
Renosterveld;300;0
Renosterveld;240;0
Renosterveld;180;0
Renosterveld;400;0
Renosterveld;300;0
Renosterveld;240;0
Renosterveld;180;0
Renosterveld;400;0
Renosterveld;300;0
Renosterveld;240;0
Renosterveld;180;0
Renosterveld;400;9
Renosterveld;300;6,871844883
Renosterveld;240;5,429407985
Renosterveld;180;3,862813217
Renosterveld;400;0
Renosterveld;300;0
Renosterveld;240;0
Renosterveld;180;0
Renosterveld;400;148
Renosterveld;300;113,0036714
Renosterveld;240;89,28359798
Renosterveld;180;63,52181735
Renosterveld;400;118
Renosterveld;300;90,0975218
Renosterveld;240;71,18557136
Renosterveld;180;50,64577329
Renosterveld;400;116
Renosterveld;300;88,57044516
Renosterveld;240;69,97903626
Renosterveld;180;49,78737035
Renosterveld;400;15
Renosterveld;300;11,4530748
Renosterveld;240;9,049013309
Renosterveld;180;6,438022028
Renosterveld;400;0
Renosterveld;300;0
Renosterveld;240;0
Renosterveld;180;0
Renosterveld;400;24
Renosterveld;300;18,32491969
Renosterveld;240;14,47842129
Renosterveld;180;10,30083525
Renosterveld;400;17
Renosterveld;300;12,98015145
Renosterveld;240;10,25554842
Renosterveld;180;7,296424966
Renosterveld;400;7
Renosterveld;300;5,344768242
Renosterveld;240;4,222872877
Renosterveld;180;3,00441028
Renosterveld;400;161
Renosterveld;300;122,9296696
Renosterveld;240;97,12607618
Renosterveld;180;69,10143644
Renosterveld;400;45
Renosterveld;300;34,35922441
Renosterveld;240;27,14703993
Renosterveld;180;19,31406609
Renosterveld;400;165
Renosterveld;300;125,9838229
Renosterveld;240;99,5391464
Renosterveld;180;70,81824231
Renosterveld;400;268
Renosterveld;300;204,6282698
Renosterveld;240;161,6757045
Renosterveld;180;115,0259936
Renosterveld;400;0
Renosterveld;300;0
Renosterveld;240;0
Renosterveld;180;0
Renosterveld;400;50
Renosterveld;300;38,17691602
Renosterveld;240;30,1633777
Renosterveld;180;21,46007343
Renosterveld;400;45
Renosterveld;300;34,35922441
Renosterveld;240;27,14703993
Renosterveld;180;19,31406609
Renosterveld;400;96
Renosterveld;300;73,29967875
Renosterveld;240;57,91368518
Renosterveld;180;41,20334098
Renosterveld;400;18
Renosterveld;300;13,74368977
Renosterveld;240;10,85881597
Renosterveld;180;7,725626434
Renosterveld;400;0
Renosterveld;300;0
Renosterveld;240;0
Renosterveld;180;0
Renosterveld;400;0
Renosterveld;300;0
Renosterveld;240;0
Renosterveld;180;0
Renosterveld;400;44
Renosterveld;300;33,59568609
Renosterveld;240;26,54377237
Renosterveld;180;18,88486462
Renosterveld;400;26
Renosterveld;300;19,85199633
Renosterveld;240;15,6849564
Renosterveld;180;11,15923818
Renosterveld;400;0
Renosterveld;300;0
Renosterveld;240;0
Renosterveld;180;0
Renosterveld;400;168
Renosterveld;300;128,2744378
Renosterveld;240;101,3489491
Renosterveld;180;72,10584672
Renosterveld;400;0
Renosterveld;300;0
Renosterveld;240;0
Renosterveld;180;0
Renosterveld;400;8
Renosterveld;300;6,108306563
Renosterveld;240;4,826140431
Renosterveld;180;3,433611749
Renosterveld;400;0
Renosterveld;300;0
Renosterveld;240;0
Renosterveld;180;0
Renosterveld;400;61
Renosterveld;300;46,57583754
Renosterveld;240;36,79932079
Renosterveld;180;26,18128958
Renosterveld;400;49
Renosterveld;300;37,4133777
Renosterveld;240;29,56011014
Renosterveld;180;21,03087196
Renosterveld;400;17
Renosterveld;300;12,98015145
Renosterveld;240;10,25554842
Renosterveld;180;7,296424966
Renosterveld;400;0
Renosterveld;300;0
Renosterveld;240;0
Renosterveld;180;0
Renosterveld;400;18
Renosterveld;300;13,74368977
Renosterveld;240;10,85881597
Renosterveld;180;7,725626434
Renosterveld;400;34
Renosterveld;300;25,96030289
Renosterveld;240;20,51109683
Renosterveld;180;14,59284993
Renosterveld;400;0
Renosterveld;300;0
Renosterveld;240;0
Renosterveld;180;0
Renosterveld;400;13
Renosterveld;300;9,925998164
Renosterveld;240;7,842478201
Renosterveld;180;5,579619091
Renosterveld;400;39
Renosterveld;300;29,77799449
Renosterveld;240;23,5274346
Renosterveld;180;16,73885727
Renosterveld;400;78
Renosterveld;300;59,55598899
Renosterveld;240;47,05486921
Renosterveld;180;33,47771455
Renosterveld;400;56
Renosterveld;300;42,75814594
Renosterveld;240;33,78298302
Renosterveld;180;24,03528224
Renosterveld;400;15
Renosterveld;300;11,4530748
Renosterveld;240;9,049013309
Renosterveld;180;6,438022028
Renosterveld;400;14
Renosterveld;300;10,68953648
Renosterveld;240;8,445745755
Renosterveld;180;6,00882056
Renosterveld;400;0
Renosterveld;300;0
Renosterveld;240;0
Renosterveld;180;0
Renosterveld;400;178
Renosterveld;300;135,909821
Renosterveld;240;107,3816246
Renosterveld;180;76,3978614
Renosterveld;400;0
Renosterveld;300;0
Renosterveld;240;0
Renosterveld;180;0
Renosterveld;400;0
Renosterveld;300;0
Renosterveld;240;0
Renosterveld;180;0
Renosterveld;400;0
Renosterveld;300;0
Renosterveld;240;0
Renosterveld;180;0
Renosterveld;400;37
Renosterveld;300;28,25091785
Renosterveld;240;22,3208995
Renosterveld;180;15,88045434
Renosterveld;400;0
Renosterveld;300;0
Renosterveld;240;0
Renosterveld;180;0
Renosterveld;400;46
Renosterveld;300;35,12276274
Renosterveld;240;27,75030748
Renosterveld;180;19,74326755
Renosterveld;400;56
Renosterveld;300;42,75814594
Renosterveld;240;33,78298302
Renosterveld;180;24,03528224
Renosterveld;400;0
Renosterveld;300;0
Renosterveld;240;0
Renosterveld;180;0
Renosterveld;400;31
Renosterveld;300;23,66968793
Renosterveld;240;18,70129417
Renosterveld;180;13,30524553
Renosterveld;400;56
Renosterveld;300;42,75814594
Renosterveld;240;33,78298302
Renosterveld;180;24,03528224
Floodplain woodland;400;4
Floodplain woodland;300;3,054153281
Floodplain woodland;240;2,413070216
Floodplain woodland;180;1,716805874
Floodplain woodland;400;50
Floodplain woodland;300;38,17691602
Floodplain woodland;240;30,1633777
Floodplain woodland;180;21,46007343
Floodplain woodland;400;57
Floodplain woodland;300;43,52168426
Floodplain woodland;240;34,38625057
Floodplain woodland;180;24,46448371
Floodplain woodland;400;2
Floodplain woodland;300;1,527076641
Floodplain woodland;240;1,206535108
Floodplain woodland;180;0,858402937
Floodplain woodland;400;8
Floodplain woodland;300;6,108306563
Floodplain woodland;240;4,826140431
Floodplain woodland;180;3,433611749
Floodplain woodland;400;0
Floodplain woodland;300;0
Floodplain woodland;240;0
Floodplain woodland;180;0
Floodplain woodland;400;104
Floodplain woodland;300;79,40798531
Floodplain woodland;240;62,73982561
Floodplain woodland;180;44,63695273
Floodplain woodland;400;11
Floodplain woodland;300;8,398921524
Floodplain woodland;240;6,635943093
Floodplain woodland;180;4,721216154
Floodplain woodland;400;8
Floodplain woodland;300;6,108306563
Floodplain woodland;240;4,826140431
Floodplain woodland;180;3,433611749
Floodplain woodland;400;5
Floodplain woodland;300;3,817691602
Floodplain woodland;240;3,01633777
Floodplain woodland;180;2,146007343
Floodplain woodland;400;0
Floodplain woodland;300;0
Floodplain woodland;240;0
Floodplain woodland;180;0
Floodplain woodland;400;0
Floodplain woodland;300;0
Floodplain woodland;240;0
Floodplain woodland;180;0
Floodplain woodland;400;14
Floodplain woodland;300;10,68953648
Floodplain woodland;240;8,445745755
Floodplain woodland;180;6,00882056
Floodplain woodland;400;0
Floodplain woodland;300;0
Floodplain woodland;240;0
Floodplain woodland;180;0
Floodplain woodland;400;239
Floodplain woodland;300;182,4856586
Floodplain woodland;240;144,1809454
Floodplain woodland;180;102,579151
Floodplain woodland;400;158
Floodplain woodland;300;120,6390546
Floodplain woodland;240;95,31627352
Floodplain woodland;180;67,81383203
Floodplain woodland;400;0
Floodplain woodland;300;0
Floodplain woodland;240;0
Floodplain woodland;180;0
Floodplain woodland;400;0
Floodplain woodland;300;0
Floodplain woodland;240;0
Floodplain woodland;180;0
Floodplain woodland;400;0
Floodplain woodland;300;0
Floodplain woodland;240;0
Floodplain woodland;180;0
Floodplain woodland;400;0
Floodplain woodland;300;0
Floodplain woodland;240;0
Floodplain woodland;180;0
Floodplain woodland;400;344
Floodplain woodland;300;262,6571822
Floodplain woodland;240;207,5240385
Floodplain woodland;180;147,6453052
Floodplain woodland;400;59
Floodplain woodland;300;45,0487609
Floodplain woodland;240;35,59278568
Floodplain woodland;180;25,32288665
Floodplain woodland;400;32
Floodplain woodland;300;24,43322625
Floodplain woodland;240;19,30456173
Floodplain woodland;180;13,73444699
Floodplain woodland;400;43
Floodplain woodland;300;32,83214777
Floodplain woodland;240;25,94050482
Floodplain woodland;180;18,45566315
Floodplain woodland;400;33
Floodplain woodland;300;25,19676457
Floodplain woodland;240;19,90782928
Floodplain woodland;180;14,16364846
Floodplain woodland;400;9
Floodplain woodland;300;6,871844883
Floodplain woodland;240;5,429407985
Floodplain woodland;180;3,862813217
Floodplain woodland;400;21
Floodplain woodland;300;16,03430473
Floodplain woodland;240;12,66861863
Floodplain woodland;180;9,01323084
Floodplain woodland;400;8
Floodplain woodland;300;6,108306563
Floodplain woodland;240;4,826140431
Floodplain woodland;180;3,433611749
Floodplain woodland;400;17
Floodplain woodland;300;12,98015145
Floodplain woodland;240;10,25554842
Floodplain woodland;180;7,296424966
Floodplain woodland;400;10
Floodplain woodland;300;7,635383203
Floodplain woodland;240;6,032675539
Floodplain woodland;180;4,292014686
Floodplain woodland;400;99
Floodplain woodland;300;75,59029371
Floodplain woodland;240;59,72348784
Floodplain woodland;180;42,49094539
Floodplain woodland;400;46
Floodplain woodland;300;35,12276274
Floodplain woodland;240;27,75030748
Floodplain woodland;180;19,74326755
Floodplain woodland;400;17
Floodplain woodland;300;12,98015145
Floodplain woodland;240;10,25554842
Floodplain woodland;180;7,296424966
Floodplain woodland;400;0
Floodplain woodland;300;0
Floodplain woodland;240;0
Floodplain woodland;180;0
Floodplain woodland;400;86
Floodplain woodland;300;65,66429555
Floodplain woodland;240;51,88100964
Floodplain woodland;180;36,9113263
Floodplain woodland;400;56
Floodplain woodland;300;42,75814594
Floodplain woodland;240;33,78298302
Floodplain woodland;180;24,03528224
Floodplain woodland;400;18
Floodplain woodland;300;13,74368977
Floodplain woodland;240;10,85881597
Floodplain woodland;180;7,725626434
Floodplain woodland;400;0
Floodplain woodland;300;0
Floodplain woodland;240;0
Floodplain woodland;180;0
Floodplain woodland;400;113
Floodplain woodland;300;86,2798302
Floodplain woodland;240;68,16923359
Floodplain woodland;180;48,49976595
Floodplain woodland;400;403
Floodplain woodland;300;307,7059431
Floodplain woodland;240;243,1168242
Floodplain woodland;180;172,9681918
Floodplain woodland;400;81
Floodplain woodland;300;61,84660395
Floodplain woodland;240;48,86467187
Floodplain woodland;180;34,76531895
Floodplain woodland;400;30
Floodplain woodland;300;22,90614961
Floodplain woodland;240;18,09802662
Floodplain woodland;180;12,87604406
Floodplain woodland;400;243
Floodplain woodland;300;185,5398118
Floodplain woodland;240;146,5940156
Floodplain woodland;180;104,2959569
Floodplain woodland;400;40
Floodplain woodland;300;30,54153281
Floodplain woodland;240;24,13070216
Floodplain woodland;180;17,16805874
Floodplain woodland;400;106
Floodplain woodland;300;80,93506196
Floodplain woodland;240;63,94636072
Floodplain woodland;180;45,49535567
Floodplain woodland;400;108
Floodplain woodland;300;82,4621386
Floodplain woodland;240;65,15289582
Floodplain woodland;180;46,3537586
Floodplain woodland;400;36
Floodplain woodland;300;27,48737953
Floodplain woodland;240;21,71763194
Floodplain woodland;180;15,45125287
Floodplain woodland;400;0
Floodplain woodland;300;0
Floodplain woodland;240;0
Floodplain woodland;180;0
Floodplain woodland;400;233
Floodplain woodland;300;177,9044286
Floodplain woodland;240;140,5613401
Floodplain woodland;180;100,0039422
Floodplain woodland;400;36
Floodplain woodland;300;27,48737953
Floodplain woodland;240;21,71763194
Floodplain woodland;180;15,45125287
Floodplain woodland;400;71
Floodplain woodland;300;54,21122074
Floodplain woodland;240;42,83199633
Floodplain woodland;180;30,47330427
Floodplain woodland;400;131
Floodplain woodland;300;100,02352
Floodplain woodland;240;79,02804956
Floodplain woodland;180;56,22539238
Floodplain woodland;400;14
Floodplain woodland;300;10,68953648
Floodplain woodland;240;8,445745755
Floodplain woodland;180;6,00882056
Floodplain woodland;400;39
Floodplain woodland;300;29,77799449
Floodplain woodland;240;23,5274346
Floodplain woodland;180;16,73885727
Floodplain woodland;400;36
Floodplain woodland;300;27,48737953
Floodplain woodland;240;21,71763194
Floodplain woodland;180;15,45125287
Floodplain woodland;400;100
Floodplain woodland;300;76,35383203
Floodplain woodland;240;60,32675539
Floodplain woodland;180;42,92014686
Floodplain woodland;400;162
Floodplain woodland;300;123,6932079
Floodplain woodland;240;97,72934374
Floodplain woodland;180;69,53063791
Floodplain woodland;400;205
Floodplain woodland;300;156,5253557
Floodplain woodland;240;123,6698486
Floodplain woodland;180;87,98630106
Floodplain woodland;400;43
Floodplain woodland;300;32,83214777
Floodplain woodland;240;25,94050482
Floodplain woodland;180;18,45566315
Floodplain woodland;400;153
Floodplain woodland;300;116,821363
Floodplain woodland;240;92,29993575
Floodplain woodland;180;65,66782469
Floodplain woodland;400;0
Floodplain woodland;300;0
Floodplain woodland;240;0
Floodplain woodland;180;0
Floodplain woodland;400;54
Floodplain woodland;300;41,2310693
Floodplain woodland;240;32,57644791
Floodplain woodland;180;23,1768793
Floodplain woodland;400;22
Floodplain woodland;300;16,79784305
Floodplain woodland;240;13,27188619
Floodplain woodland;180;9,442432308
Floodplain woodland;400;180
Floodplain woodland;300;137,4368977
Floodplain woodland;240;108,5881597
Floodplain woodland;180;77,25626434
Floodplain woodland;400;18
Floodplain woodland;300;13,74368977
Floodplain woodland;240;10,85881597
Floodplain woodland;180;7,725626434
Floodplain woodland;400;101
Floodplain woodland;300;77,11737035
Floodplain woodland;240;60,93002295
Floodplain woodland;180;43,34934832
Floodplain woodland;400;17
Floodplain woodland;300;12,98015145
Floodplain woodland;240;10,25554842
Floodplain woodland;180;7,296424966
Floodplain woodland;400;0
Floodplain woodland;300;0
Floodplain woodland;240;0
Floodplain woodland;180;0
Floodplain woodland;400;68
Floodplain woodland;300;51,92060578
Floodplain woodland;240;41,02219367
Floodplain woodland;180;29,18569986
Floodplain woodland;400;419
Floodplain woodland;300;319,9225562
Floodplain woodland;240;252,7691051
Floodplain woodland;180;179,8354153
Riparian;400;229
Riparian;300;174,8502754
Riparian;240;138,1482698
Riparian;180;98,2871363
Riparian;400;385
Riparian;300;293,9622533
Riparian;240;232,2580083
Riparian;180;165,2425654
Riparian;400;235
Riparian;300;179,4315053
Riparian;240;141,7678752
Riparian;180;100,8623451
Riparian;400;287
Riparian;300;219,1354979
Riparian;240;173,137788
Riparian;180;123,1808215
Riparian;400;0
Riparian;300;0
Riparian;240;0
Riparian;180;0
Riparian;400;0
Riparian;300;0
Riparian;240;0
Riparian;180;0
Riparian;400;177
Riparian;300;135,1462827
Riparian;240;106,778357
Riparian;180;75,96865994
Riparian;400;295
Riparian;300;225,2438045
Riparian;240;177,9639284
Riparian;180;126,6144332
Riparian;400;356
Riparian;300;271,819642
Riparian;240;214,7632492
Riparian;180;152,7957228
Riparian;400;211
Riparian;300;161,1065856
Riparian;240;127,2894539
Riparian;180;90,56150987
Riparian;400;127
Riparian;300;96,96936668
Riparian;240;76,61497935
Riparian;180;54,50858651
Riparian;400;96
Riparian;300;73,29967875
Riparian;240;57,91368518
Riparian;180;41,20334098
Riparian;400;173
Riparian;300;132,0921294
Riparian;240;104,3652868
Riparian;180;74,25185406
Riparian;400;31
Riparian;300;23,66968793
Riparian;240;18,70129417
Riparian;180;13,30524553
Riparian;400;332
Riparian;300;253,4947223
Riparian;240;200,2848279
Riparian;180;142,4948876
Riparian;400;103
Riparian;300;78,64444699
Riparian;240;62,13655805
Riparian;180;44,20775126
Riparian;400;44
Riparian;300;33,59568609
Riparian;240;26,54377237
Riparian;180;18,88486462
Riparian;400;92
Riparian;300;70,24552547
Riparian;240;55,50061496
Riparian;180;39,48653511
Riparian;400;209
Riparian;300;159,5795089
Riparian;240;126,0829188
Riparian;180;89,70310693
Riparian;400;77
Riparian;300;58,79245067
Riparian;240;46,45160165
Riparian;180;33,04851308
Riparian;400;174
Riparian;300;132,8556677
Riparian;240;104,9685544
Riparian;180;74,68105553
Riparian;400;69
Riparian;300;52,6841441
Riparian;240;41,62546122
Riparian;180;29,61490133
Riparian;400;95
Riparian;300;72,53614043
Riparian;240;57,31041762
Riparian;180;40,77413951
Riparian;400;28
Riparian;300;21,37907297
Riparian;240;16,89149151
Riparian;180;12,01764112
Riparian;400;0
Riparian;300;0
Riparian;240;0
Riparian;180;0
Riparian;400;88
Riparian;300;67,19137219
Riparian;240;53,08754475
Riparian;180;37,76972923
Riparian;400;187
Riparian;300;142,7816659
Riparian;240;112,8110326
Riparian;180;80,26067462
Riparian;400;116
Riparian;300;88,57044516
Riparian;240;69,97903626
Riparian;180;49,78737035
Riparian;400;244
Riparian;300;186,3033502
Riparian;240;147,1972832
Riparian;180;104,7251583
Riparian;400;44
Riparian;300;33,59568609
Riparian;240;26,54377237
Riparian;180;18,88486462
Riparian;400;208
Riparian;300;158,8159706
Riparian;240;125,4796512
Riparian;180;89,27390546
Riparian;400;129
Riparian;300;98,49644332
Riparian;240;77,82151446
Riparian;180;55,36698944
Riparian;400;0
Riparian;300;0
Riparian;240;0
Riparian;180;0
Riparian;400;107
Riparian;300;81,69860028
Riparian;240;64,54962827
Riparian;180;45,92455714
Riparian;400;144
Riparian;300;109,9495181
Riparian;240;86,87052777
Riparian;180;61,80501147
Riparian;400;182
Riparian;300;138,9639743
Riparian;240;109,7946948
Riparian;180;78,11466728
Riparian;400;37
Riparian;300;28,25091785
Riparian;240;22,3208995
Riparian;180;15,88045434
Riparian;400;26
Riparian;300;19,85199633
Riparian;240;15,6849564
Riparian;180;11,15923818
Riparian;400;291
Riparian;300;222,1896512
Riparian;240;175,5508582
Riparian;180;124,8976274
Riparian;400;37
Riparian;300;28,25091785
Riparian;240;22,3208995
Riparian;180;15,88045434
Riparian;400;155
Riparian;300;118,3484397
Riparian;240;93,50647086
Riparian;180;66,52622763
Riparian;400;108
Riparian;300;82,4621386
Riparian;240;65,15289582
Riparian;180;46,3537586
Riparian;400;181
Riparian;300;138,200436
Riparian;240;109,1914273
Riparian;180;77,68546581
Riparian;400;70
Riparian;300;53,44768242
Riparian;240;42,22872877
Riparian;180;30,0441028
